country,iso2,year,metric,flow_type,value,source_notes
Austria,AT,2010,InheritanceVolumeEstimate,economic,8000000000,"2010: Altzinger & Humer 2013, Simulation des Aufkommens verschiedener… | 2020: Grünberger et al. 2024, Inheritances in Austria: A model estimation of intergenerational wealth transfers up to 2050 — 2025 estimate scaled down to 2020 by CPI"
Austria,AT,2020,InheritanceVolumeEstimate,economic,18000000000,"2010: Altzinger & Humer 2013, Simulation des Aufkommens verschiedener… | 2020: Grünberger et al. 2024, Inheritances in Austria: A model estimation of intergenerational wealth transfers up to 2050 — 2025 estimate scaled down to 2020 by CPI"
Austria,AT,2010,InheritanceVolumeasperStatistic,fiscal,5940000000,"fiscal as they are based on parliamentary inquiries | Ertl, Michael: From Inheritances to Wealth: A Mortality Multiplier Approach for Austria"
Austria,AT,2020,InheritanceVolumeasperStatistic,fiscal,6655000000,"fiscal as they are based on parliamentary inquiries | Ertl, Michael: From Inheritances to Wealth: A Mortality Multiplier Approach for Austria"
Belgium,BE,1990,Inheritance&GiftTaxRevenue,NA,464540071,
Belgium,BE,2000,Inheritance&GiftTaxRevenue,NA,1012768995,
Belgium,BE,2010,Inheritance&GiftTaxRevenue,NA,2228353090,
Belgium,BE,2020,Inheritance&GiftTaxRevenue,NA,3001966480,
Belgium,BE,1900,InheritanceVolume,fiscal,0,"50billion is a rough estimate based on Artur Apostel's work, calcluating from his charts.  Apostel 2026 - PRE-DEATH GIFTS AND REGRESSIVE WEALTH (e.g. via figure 11: hfcs coverage ratios,  assumed HFCS coverage 36%, sitting squarely inside Apostel's published 22–48% band visible in the charts; using our own calculation of total flow as covered by hfcs)"
Belgium,BE,1910,InheritanceVolume,fiscal,0,"50billion is a rough estimate based on Artur Apostel's work, calcluating from his charts.  Apostel 2026 - PRE-DEATH GIFTS AND REGRESSIVE WEALTH (e.g. via figure 11: hfcs coverage ratios,  assumed HFCS coverage 36%, sitting squarely inside Apostel's published 22–48% band visible in the charts; using our own calculation of total flow as covered by hfcs)"
Belgium,BE,1920,InheritanceVolume,fiscal,0,"50billion is a rough estimate based on Artur Apostel's work, calcluating from his charts.  Apostel 2026 - PRE-DEATH GIFTS AND REGRESSIVE WEALTH (e.g. via figure 11: hfcs coverage ratios,  assumed HFCS coverage 36%, sitting squarely inside Apostel's published 22–48% band visible in the charts; using our own calculation of total flow as covered by hfcs)"
Belgium,BE,1930,InheritanceVolume,fiscal,0,"50billion is a rough estimate based on Artur Apostel's work, calcluating from his charts.  Apostel 2026 - PRE-DEATH GIFTS AND REGRESSIVE WEALTH (e.g. via figure 11: hfcs coverage ratios,  assumed HFCS coverage 36%, sitting squarely inside Apostel's published 22–48% band visible in the charts; using our own calculation of total flow as covered by hfcs)"
Belgium,BE,1940,InheritanceVolume,fiscal,0,"50billion is a rough estimate based on Artur Apostel's work, calcluating from his charts.  Apostel 2026 - PRE-DEATH GIFTS AND REGRESSIVE WEALTH (e.g. via figure 11: hfcs coverage ratios,  assumed HFCS coverage 36%, sitting squarely inside Apostel's published 22–48% band visible in the charts; using our own calculation of total flow as covered by hfcs)"
Belgium,BE,1950,InheritanceVolume,fiscal,0,"50billion is a rough estimate based on Artur Apostel's work, calcluating from his charts.  Apostel 2026 - PRE-DEATH GIFTS AND REGRESSIVE WEALTH (e.g. via figure 11: hfcs coverage ratios,  assumed HFCS coverage 36%, sitting squarely inside Apostel's published 22–48% band visible in the charts; using our own calculation of total flow as covered by hfcs)"
Belgium,BE,1960,InheritanceVolume,fiscal,0,"50billion is a rough estimate based on Artur Apostel's work, calcluating from his charts.  Apostel 2026 - PRE-DEATH GIFTS AND REGRESSIVE WEALTH (e.g. via figure 11: hfcs coverage ratios,  assumed HFCS coverage 36%, sitting squarely inside Apostel's published 22–48% band visible in the charts; using our own calculation of total flow as covered by hfcs)"
Belgium,BE,1970,InheritanceVolume,fiscal,0,"50billion is a rough estimate based on Artur Apostel's work, calcluating from his charts.  Apostel 2026 - PRE-DEATH GIFTS AND REGRESSIVE WEALTH (e.g. via figure 11: hfcs coverage ratios,  assumed HFCS coverage 36%, sitting squarely inside Apostel's published 22–48% band visible in the charts; using our own calculation of total flow as covered by hfcs)"
Belgium,BE,1980,InheritanceVolume,fiscal,0,"50billion is a rough estimate based on Artur Apostel's work, calcluating from his charts.  Apostel 2026 - PRE-DEATH GIFTS AND REGRESSIVE WEALTH (e.g. via figure 11: hfcs coverage ratios,  assumed HFCS coverage 36%, sitting squarely inside Apostel's published 22–48% band visible in the charts; using our own calculation of total flow as covered by hfcs)"
Belgium,BE,1990,InheritanceVolume,fiscal,0,"50billion is a rough estimate based on Artur Apostel's work, calcluating from his charts.  Apostel 2026 - PRE-DEATH GIFTS AND REGRESSIVE WEALTH (e.g. via figure 11: hfcs coverage ratios,  assumed HFCS coverage 36%, sitting squarely inside Apostel's published 22–48% band visible in the charts; using our own calculation of total flow as covered by hfcs)"
Belgium,BE,2000,InheritanceVolume,fiscal,0,"50billion is a rough estimate based on Artur Apostel's work, calcluating from his charts.  Apostel 2026 - PRE-DEATH GIFTS AND REGRESSIVE WEALTH (e.g. via figure 11: hfcs coverage ratios,  assumed HFCS coverage 36%, sitting squarely inside Apostel's published 22–48% band visible in the charts; using our own calculation of total flow as covered by hfcs)"
Belgium,BE,2010,InheritanceVolume,fiscal,0,"50billion is a rough estimate based on Artur Apostel's work, calcluating from his charts.  Apostel 2026 - PRE-DEATH GIFTS AND REGRESSIVE WEALTH (e.g. via figure 11: hfcs coverage ratios,  assumed HFCS coverage 36%, sitting squarely inside Apostel's published 22–48% band visible in the charts; using our own calculation of total flow as covered by hfcs)"
Belgium,BE,2020,InheritanceVolume,fiscal,50000000000,"50billion is a rough estimate based on Artur Apostel's work, calcluating from his charts.  Apostel 2026 - PRE-DEATH GIFTS AND REGRESSIVE WEALTH (e.g. via figure 11: hfcs coverage ratios,  assumed HFCS coverage 36%, sitting squarely inside Apostel's published 22–48% band visible in the charts; using our own calculation of total flow as covered by hfcs)"
France,FR,2020,Inheritance&GiftTaxRevenue,NA,15039000000, | OECDTaxRevenueStatistics
France,FR,2020,InheritanceVolume,economic,314068083143," | owncalculationbasedonthe2020modellingofPikettyin:""OntheLong-RunEvolutionofInheritance:France1820-2050ThomasPikettyParisSchoolofEconomics*September2010**"""
France,FR,2020,PublicSectorCurrentReceipts,NA,1047600000000, | OECD Revenue Statistics 2022
Germany,DE,1910,Inheritance&GiftTaxRevenue,NA,57000000,"1910:Mark. 1930 and 1940: RM. for 1950 to 1990 converted from EUR to DM. Tax years chosen according to availaility of inheritance estimates. E.g. if estimate only available for 1978, tax volume also used from that year | https://www,destatis,de/DE/Themen/Staat/Steuern/Weitere-Steuern/Tabellen/sonderauswertung-erbschaft-schenkungsteuer,html"
Germany,DE,1920,Inheritance&GiftTaxRevenue,NA,283580000,"1910:Mark. 1930 and 1940: RM. for 1950 to 1990 converted from EUR to DM. Tax years chosen according to availaility of inheritance estimates. E.g. if estimate only available for 1978, tax volume also used from that year | https://www,destatis,de/DE/Themen/Staat/Steuern/Weitere-Steuern/Tabellen/sonderauswertung-erbschaft-schenkungsteuer,html"
Germany,DE,1930,Inheritance&GiftTaxRevenue,NA,76000000,"1910:Mark. 1930 and 1940: RM. for 1950 to 1990 converted from EUR to DM. Tax years chosen according to availaility of inheritance estimates. E.g. if estimate only available for 1978, tax volume also used from that year | https://www,destatis,de/DE/Themen/Staat/Steuern/Weitere-Steuern/Tabellen/sonderauswertung-erbschaft-schenkungsteuer,html"
Germany,DE,1940,Inheritance&GiftTaxRevenue,NA,108000000,"1910:Mark. 1930 and 1940: RM. for 1950 to 1990 converted from EUR to DM. Tax years chosen according to availaility of inheritance estimates. E.g. if estimate only available for 1978, tax volume also used from that year | https://www,destatis,de/DE/Themen/Staat/Steuern/Weitere-Steuern/Tabellen/sonderauswertung-erbschaft-schenkungsteuer,html"
Germany,DE,1950,Inheritance&GiftTaxRevenue,NA,23469960,"1910:Mark. 1930 and 1940: RM. for 1950 to 1990 converted from EUR to DM. Tax years chosen according to availaility of inheritance estimates. E.g. if estimate only available for 1978, tax volume also used from that year | https://www,destatis,de/DE/Themen/Staat/Steuern/Weitere-Steuern/Tabellen/sonderauswertung-erbschaft-schenkungsteuer,html"
Germany,DE,1960,Inheritance&GiftTaxRevenue,NA,242522920,"1910:Mark. 1930 and 1940: RM. for 1950 to 1990 converted from EUR to DM. Tax years chosen according to availaility of inheritance estimates. E.g. if estimate only available for 1978, tax volume also used from that year | https://www,destatis,de/DE/Themen/Staat/Steuern/Weitere-Steuern/Tabellen/sonderauswertung-erbschaft-schenkungsteuer,html"
Germany,DE,1970,Inheritance&GiftTaxRevenue,NA,467443370,"1910:Mark. 1930 and 1940: RM. for 1950 to 1990 converted from EUR to DM. Tax years chosen according to availaility of inheritance estimates. E.g. if estimate only available for 1978, tax volume also used from that year | https://www,destatis,de/DE/Themen/Staat/Steuern/Weitere-Steuern/Tabellen/sonderauswertung-erbschaft-schenkungsteuer,html"
Germany,DE,1980,Inheritance&GiftTaxRevenue,NA,937000000,"1910:Mark. 1930 and 1940: RM. for 1950 to 1990 converted from EUR to DM. Tax years chosen according to availaility of inheritance estimates. E.g. if estimate only available for 1978, tax volume also used from that year | https://www,destatis,de/DE/Themen/Staat/Steuern/Weitere-Steuern/Tabellen/sonderauswertung-erbschaft-schenkungsteuer,html"
Germany,DE,1990,Inheritance&GiftTaxRevenue,NA,2237469520,"1910:Mark. 1930 and 1940: RM. for 1950 to 1990 converted from EUR to DM. Tax years chosen according to availaility of inheritance estimates. E.g. if estimate only available for 1978, tax volume also used from that year | https://www,destatis,de/DE/Themen/Staat/Steuern/Weitere-Steuern/Tabellen/sonderauswertung-erbschaft-schenkungsteuer,html"
Germany,DE,2000,Inheritance&GiftTaxRevenue,NA,2817000000,"1910:Mark. 1930 and 1940: RM. for 1950 to 1990 converted from EUR to DM. Tax years chosen according to availaility of inheritance estimates. E.g. if estimate only available for 1978, tax volume also used from that year | https://www,destatis,de/DE/Themen/Staat/Steuern/Weitere-Steuern/Tabellen/sonderauswertung-erbschaft-schenkungsteuer,html"
Germany,DE,2010,Inheritance&GiftTaxRevenue,NA,4549827197,"1910:Mark. 1930 and 1940: RM. for 1950 to 1990 converted from EUR to DM. Tax years chosen according to availaility of inheritance estimates. E.g. if estimate only available for 1978, tax volume also used from that year | https://www,destatis,de/DE/Themen/Staat/Steuern/Weitere-Steuern/Tabellen/sonderauswertung-erbschaft-schenkungsteuer,html"
Germany,DE,2020,Inheritance&GiftTaxRevenue,NA,8078121000,"1910:Mark. 1930 and 1940: RM. for 1950 to 1990 converted from EUR to DM. Tax years chosen according to availaility of inheritance estimates. E.g. if estimate only available for 1978, tax volume also used from that year | https://www,destatis,de/DE/Themen/Staat/Steuern/Weitere-Steuern/Tabellen/sonderauswertung-erbschaft-schenkungsteuer,html"
Germany,DE,1910,InheritanceVolumeEstimate,economic,6052000000,yearsareonlyapproximatebasedonavailabledata+-2-3years; 1960 to 1990 converted  € to DM | 200-300 billion inherited per year around 2010-2020: https://www.diw.de/documents/publikationen/73/diw_01.c.525511.de/diw_econ_bull_2016-04-1.pdf
Germany,DE,1920,InheritanceVolumeEstimate,economic,4149942857,yearsareonlyapproximatebasedonavailabledata+-2-3years; 1960 to 1990 converted  € to DM | 200-300 billion inherited per year around 2010-2020: https://www.diw.de/documents/publikationen/73/diw_01.c.525511.de/diw_econ_bull_2016-04-1.pdf
Germany,DE,1930,InheritanceVolumeEstimate,economic,8551290102,yearsareonlyapproximatebasedonavailabledata+-2-3years; 1960 to 1990 converted  € to DM | 200-300 billion inherited per year around 2010-2020: https://www.diw.de/documents/publikationen/73/diw_01.c.525511.de/diw_econ_bull_2016-04-1.pdf
Germany,DE,1960,InheritanceVolumeEstimate,economic,4975631520,yearsareonlyapproximatebasedonavailabledata+-2-3years; 1960 to 1990 converted  € to DM | 200-300 billion inherited per year around 2010-2020: https://www.diw.de/documents/publikationen/73/diw_01.c.525511.de/diw_econ_bull_2016-04-1.pdf
Germany,DE,1970,InheritanceVolumeEstimate,economic,26325471800,yearsareonlyapproximatebasedonavailabledata+-2-3years; 1960 to 1990 converted  € to DM | 200-300 billion inherited per year around 2010-2020: https://www.diw.de/documents/publikationen/73/diw_01.c.525511.de/diw_econ_bull_2016-04-1.pdf
Germany,DE,1980,InheritanceVolumeEstimate,economic,40219688120,yearsareonlyapproximatebasedonavailabledata+-2-3years; 1960 to 1990 converted  € to DM | 200-300 billion inherited per year around 2010-2020: https://www.diw.de/documents/publikationen/73/diw_01.c.525511.de/diw_econ_bull_2016-04-1.pdf
Germany,DE,1990,InheritanceVolumeEstimate,economic,75000000000,yearsareonlyapproximatebasedonavailabledata+-2-3years; 1960 to 1990 converted  € to DM | 200-300 billion inherited per year around 2010-2020: https://www.diw.de/documents/publikationen/73/diw_01.c.525511.de/diw_econ_bull_2016-04-1.pdf
Germany,DE,2000,InheritanceVolumeEstimate,economic,130337000000,yearsareonlyapproximatebasedonavailabledata+-2-3years; 1960 to 1990 converted  € to DM | 200-300 billion inherited per year around 2010-2020: https://www.diw.de/documents/publikationen/73/diw_01.c.525511.de/diw_econ_bull_2016-04-1.pdf
Germany,DE,2010,InheritanceVolumeEstimate,economic,220308000000,yearsareonlyapproximatebasedonavailabledata+-2-3years; 1960 to 1990 converted  € to DM | 200-300 billion inherited per year around 2010-2020: https://www.diw.de/documents/publikationen/73/diw_01.c.525511.de/diw_econ_bull_2016-04-1.pdf
Germany,DE,2020,InheritanceVolumeEstimate,economic,350000000000,yearsareonlyapproximatebasedonavailabledata+-2-3years; 1960 to 1990 converted  € to DM | 200-300 billion inherited per year around 2010-2020: https://www.diw.de/documents/publikationen/73/diw_01.c.525511.de/diw_econ_bull_2016-04-1.pdf
Germany,DE,1910,InheritanceVolumeasperStatistic,fiscal,879000000,"reporting years chosen according to availaility of inheritance estimates. E.g. if estimate only available for 1978, inheritance volume statistic also used from that year | BevölkerungundWirtschaft1872-1972,Herausgegebenanläßlichdes100jährigenBestehensderzentralenamtlichenStatistik,
Bartels,Hildegard(Vorw,):
Verlag:StuttgartundMainz:W,Kohlhammer,1972"
Germany,DE,1920,InheritanceVolumeasperStatistic,fiscal,602742857,"reporting years chosen according to availaility of inheritance estimates. E.g. if estimate only available for 1978, inheritance volume statistic also used from that year | BevölkerungundWirtschaft1872-1972,Herausgegebenanläßlichdes100jährigenBestehensderzentralenamtlichenStatistik,
Bartels,Hildegard(Vorw,):
Verlag:StuttgartundMainz:W,Kohlhammer,1972"
Germany,DE,1930,InheritanceVolumeasperStatistic,fiscal,1242000000,"reporting years chosen according to availaility of inheritance estimates. E.g. if estimate only available for 1978, inheritance volume statistic also used from that year | BevölkerungundWirtschaft1872-1972,Herausgegebenanläßlichdes100jährigenBestehensderzentralenamtlichenStatistik,
Bartels,Hildegard(Vorw,):
Verlag:StuttgartundMainz:W,Kohlhammer,1972"
Germany,DE,1940,InheritanceVolumeasperStatistic,fiscal,1151000000,"reporting years chosen according to availaility of inheritance estimates. E.g. if estimate only available for 1978, inheritance volume statistic also used from that year | BevölkerungundWirtschaft1872-1972,Herausgegebenanläßlichdes100jährigenBestehensderzentralenamtlichenStatistik,
Bartels,Hildegard(Vorw,):
Verlag:StuttgartundMainz:W,Kohlhammer,1972"
Germany,DE,1950,InheritanceVolumeasperStatistic,fiscal,133000000,"reporting years chosen according to availaility of inheritance estimates. E.g. if estimate only available for 1978, inheritance volume statistic also used from that year | BevölkerungundWirtschaft1872-1972,Herausgegebenanläßlichdes100jährigenBestehensderzentralenamtlichenStatistik,
Bartels,Hildegard(Vorw,):
Verlag:StuttgartundMainz:W,Kohlhammer,1972"
Germany,DE,1960,InheritanceVolumeasperStatistic,fiscal,1708000000,"reporting years chosen according to availaility of inheritance estimates. E.g. if estimate only available for 1978, inheritance volume statistic also used from that year | BevölkerungundWirtschaft1872-1972,Herausgegebenanläßlichdes100jährigenBestehensderzentralenamtlichenStatistik,
Bartels,Hildegard(Vorw,):
Verlag:StuttgartundMainz:W,Kohlhammer,1972"
Germany,DE,1970,InheritanceVolumeasperStatistic,fiscal,5079000000,"reporting years chosen according to availaility of inheritance estimates. E.g. if estimate only available for 1978, inheritance volume statistic also used from that year | BevölkerungundWirtschaft1872-1972,Herausgegebenanläßlichdes100jährigenBestehensderzentralenamtlichenStatistik,
Bartels,Hildegard(Vorw,):
Verlag:StuttgartundMainz:W,Kohlhammer,1972"
Germany,DE,1980,InheritanceVolumeasperStatistic,fiscal,7731000000,"reporting years chosen according to availaility of inheritance estimates. E.g. if estimate only available for 1978, inheritance volume statistic also used from that year | BevölkerungundWirtschaft1872-1972,Herausgegebenanläßlichdes100jährigenBestehensderzentralenamtlichenStatistik,
Bartels,Hildegard(Vorw,):
Verlag:StuttgartundMainz:W,Kohlhammer,1972"
Germany,DE,2000,InheritanceVolumeasperStatistic,fiscal,22860409000,"reporting years chosen according to availaility of inheritance estimates. E.g. if estimate only available for 1978, inheritance volume statistic also used from that year | BevölkerungundWirtschaft1872-1972,Herausgegebenanläßlichdes100jährigenBestehensderzentralenamtlichenStatistik,
Bartels,Hildegard(Vorw,):
Verlag:StuttgartundMainz:W,Kohlhammer,1972"
Germany,DE,2010,InheritanceVolumeasperStatistic,fiscal,34407801000,"reporting years chosen according to availaility of inheritance estimates. E.g. if estimate only available for 1978, inheritance volume statistic also used from that year | BevölkerungundWirtschaft1872-1972,Herausgegebenanläßlichdes100jährigenBestehensderzentralenamtlichenStatistik,
Bartels,Hildegard(Vorw,):
Verlag:StuttgartundMainz:W,Kohlhammer,1972"
Germany,DE,2020,InheritanceVolumeasperStatistic,fiscal,84444920000,"reporting years chosen according to availaility of inheritance estimates. E.g. if estimate only available for 1978, inheritance volume statistic also used from that year | BevölkerungundWirtschaft1872-1972,Herausgegebenanläßlichdes100jährigenBestehensderzentralenamtlichenStatistik,
Bartels,Hildegard(Vorw,):
Verlag:StuttgartundMainz:W,Kohlhammer,1972"
Germany,DE,2020,PublicSectorCurrentReceipts,NA,1291000000000, | OECD Revenue Statistics 2022
Japan,JP,1900,Inheritance&GiftTaxRevenue,NA,0,"1910: Meiji Taisho Kokusei Soran (TOYO KEIZAI INC. / 1927 / our call no.:R351-To81?) (NDL Digital Collections) (Japanese). https://ndlsearch.ndl.go.jp/en/books/R100000002-I000000776231 | 1950-2000 from: 5-7 Inheritance and Gift Taxes (1948--2002)_The Historical Statistics of Japan (Statistics Bureau, Ministry of Internal Affairs and Communications) (Japanese, English): https://warp.da.ndl.go.jp/info:ndljp/pid/11423429/www.stat.go.jp/data/chouki/zuhyou/05-07.xls"
Japan,JP,1910,Inheritance&GiftTaxRevenue,NA,3527623,"1910: Meiji Taisho Kokusei Soran (TOYO KEIZAI INC. / 1927 / our call no.:R351-To81?) (NDL Digital Collections) (Japanese). https://ndlsearch.ndl.go.jp/en/books/R100000002-I000000776231 | 1950-2000 from: 5-7 Inheritance and Gift Taxes (1948--2002)_The Historical Statistics of Japan (Statistics Bureau, Ministry of Internal Affairs and Communications) (Japanese, English): https://warp.da.ndl.go.jp/info:ndljp/pid/11423429/www.stat.go.jp/data/chouki/zuhyou/05-07.xls"
Japan,JP,1950,Inheritance&GiftTaxRevenue,NA,1886000000,"1910: Meiji Taisho Kokusei Soran (TOYO KEIZAI INC. / 1927 / our call no.:R351-To81?) (NDL Digital Collections) (Japanese). https://ndlsearch.ndl.go.jp/en/books/R100000002-I000000776231 | 1950-2000 from: 5-7 Inheritance and Gift Taxes (1948--2002)_The Historical Statistics of Japan (Statistics Bureau, Ministry of Internal Affairs and Communications) (Japanese, English): https://warp.da.ndl.go.jp/info:ndljp/pid/11423429/www.stat.go.jp/data/chouki/zuhyou/05-07.xls"
Japan,JP,1960,Inheritance&GiftTaxRevenue,NA,16338000000,"1910: Meiji Taisho Kokusei Soran (TOYO KEIZAI INC. / 1927 / our call no.:R351-To81?) (NDL Digital Collections) (Japanese). https://ndlsearch.ndl.go.jp/en/books/R100000002-I000000776231 | 1950-2000 from: 5-7 Inheritance and Gift Taxes (1948--2002)_The Historical Statistics of Japan (Statistics Bureau, Ministry of Internal Affairs and Communications) (Japanese, English): https://warp.da.ndl.go.jp/info:ndljp/pid/11423429/www.stat.go.jp/data/chouki/zuhyou/05-07.xls"
Japan,JP,1970,Inheritance&GiftTaxRevenue,NA,170037000000,"1910: Meiji Taisho Kokusei Soran (TOYO KEIZAI INC. / 1927 / our call no.:R351-To81?) (NDL Digital Collections) (Japanese). https://ndlsearch.ndl.go.jp/en/books/R100000002-I000000776231 | 1950-2000 from: 5-7 Inheritance and Gift Taxes (1948--2002)_The Historical Statistics of Japan (Statistics Bureau, Ministry of Internal Affairs and Communications) (Japanese, English): https://warp.da.ndl.go.jp/info:ndljp/pid/11423429/www.stat.go.jp/data/chouki/zuhyou/05-07.xls"
Japan,JP,1980,Inheritance&GiftTaxRevenue,NA,717005000000,"1910: Meiji Taisho Kokusei Soran (TOYO KEIZAI INC. / 1927 / our call no.:R351-To81?) (NDL Digital Collections) (Japanese). https://ndlsearch.ndl.go.jp/en/books/R100000002-I000000776231 | 1950-2000 from: 5-7 Inheritance and Gift Taxes (1948--2002)_The Historical Statistics of Japan (Statistics Bureau, Ministry of Internal Affairs and Communications) (Japanese, English): https://warp.da.ndl.go.jp/info:ndljp/pid/11423429/www.stat.go.jp/data/chouki/zuhyou/05-07.xls"
Japan,JP,1990,Inheritance&GiftTaxRevenue,NA,4922901000000,"1910: Meiji Taisho Kokusei Soran (TOYO KEIZAI INC. / 1927 / our call no.:R351-To81?) (NDL Digital Collections) (Japanese). https://ndlsearch.ndl.go.jp/en/books/R100000002-I000000776231 | 1950-2000 from: 5-7 Inheritance and Gift Taxes (1948--2002)_The Historical Statistics of Japan (Statistics Bureau, Ministry of Internal Affairs and Communications) (Japanese, English): https://warp.da.ndl.go.jp/info:ndljp/pid/11423429/www.stat.go.jp/data/chouki/zuhyou/05-07.xls"
Japan,JP,2000,Inheritance&GiftTaxRevenue,NA,2557225000000,"1910: Meiji Taisho Kokusei Soran (TOYO KEIZAI INC. / 1927 / our call no.:R351-To81?) (NDL Digital Collections) (Japanese). https://ndlsearch.ndl.go.jp/en/books/R100000002-I000000776231 | 1950-2000 from: 5-7 Inheritance and Gift Taxes (1948--2002)_The Historical Statistics of Japan (Statistics Bureau, Ministry of Internal Affairs and Communications) (Japanese, English): https://warp.da.ndl.go.jp/info:ndljp/pid/11423429/www.stat.go.jp/data/chouki/zuhyou/05-07.xls"
Japan,JP,2010,Inheritance&GiftTaxRevenue,NA,1304599000000,"1910: Meiji Taisho Kokusei Soran (TOYO KEIZAI INC. / 1927 / our call no.:R351-To81?) (NDL Digital Collections) (Japanese). https://ndlsearch.ndl.go.jp/en/books/R100000002-I000000776231 | 1950-2000 from: 5-7 Inheritance and Gift Taxes (1948--2002)_The Historical Statistics of Japan (Statistics Bureau, Ministry of Internal Affairs and Communications) (Japanese, English): https://warp.da.ndl.go.jp/info:ndljp/pid/11423429/www.stat.go.jp/data/chouki/zuhyou/05-07.xls"
Japan,JP,2020,Inheritance&GiftTaxRevenue,NA,2295900000000,"1910: Meiji Taisho Kokusei Soran (TOYO KEIZAI INC. / 1927 / our call no.:R351-To81?) (NDL Digital Collections) (Japanese). https://ndlsearch.ndl.go.jp/en/books/R100000002-I000000776231 | 1950-2000 from: 5-7 Inheritance and Gift Taxes (1948--2002)_The Historical Statistics of Japan (Statistics Bureau, Ministry of Internal Affairs and Communications) (Japanese, English): https://warp.da.ndl.go.jp/info:ndljp/pid/11423429/www.stat.go.jp/data/chouki/zuhyou/05-07.xls"
Japan,JP,1900,InheritanceVolume,economic,230537000, | Own Calculations
Japan,JP,1910,InheritanceVolume,economic,346185000, | Own Calculations
Japan,JP,1920,InheritanceVolume,economic,0, | Own Calculations
Japan,JP,1930,InheritanceVolume,economic,0, | Own Calculations
Japan,JP,1940,InheritanceVolume,economic,0, | Own Calculations
Japan,JP,1950,InheritanceVolume,fiscal,10663000000,
Japan,JP,1950,InheritanceVolume,economic,247808800000, | Own Calculations
Japan,JP,1960,InheritanceVolume,fiscal,109195000000,
Japan,JP,1960,InheritanceVolume,economic,0, | Own Calculations
Japan,JP,1970,InheritanceVolume,fiscal,864364000000,
Japan,JP,1970,InheritanceVolume,economic,3401722402500, | Own Calculations
Japan,JP,1980,InheritanceVolume,fiscal,3575497000000,
Japan,JP,1980,InheritanceVolume,economic,0, | Own Calculations
Japan,JP,1990,InheritanceVolume,fiscal,16674196000000,
Japan,JP,1990,InheritanceVolume,economic,0, | Own Calculations
Japan,JP,2000,InheritanceVolume,fiscal,13538303000000,
Japan,JP,2000,InheritanceVolume,economic,27145677390000, | Own Calculations
Japan,JP,2010,InheritanceVolume,fiscal,11992100000000,
Japan,JP,2010,InheritanceVolume,economic,0, | Own Calculations
Japan,JP,2020,InheritanceVolume,fiscal,16410600000000,
Japan,JP,2020,InheritanceVolume,economic,37840554820000, | Own Calculations
Japan,JP,1900,OutputY,NA,2414000000,"double checked National incom figures with B. R. Mitchell (auth.) - International Historical Statistics Africa and Asia-Macmillan Education UK (1982) --> similar numbers, only deviating a bit for 1970, decided to use the OECD figure for 1970 | before1970:LTSE,Long-termEconomicStatisticsDatabaseJapan:https://d-infra,ier,hit-u,ac,jp/English/ltes/a000,html"
Japan,JP,1910,OutputY,NA,3925000000,"double checked National incom figures with B. R. Mitchell (auth.) - International Historical Statistics Africa and Asia-Macmillan Education UK (1982) --> similar numbers, only deviating a bit for 1970, decided to use the OECD figure for 1970 | before1970:LTSE,Long-termEconomicStatisticsDatabaseJapan:https://d-infra,ier,hit-u,ac,jp/English/ltes/a000,html"
Japan,JP,1920,OutputY,NA,15896000000,"double checked National incom figures with B. R. Mitchell (auth.) - International Historical Statistics Africa and Asia-Macmillan Education UK (1982) --> similar numbers, only deviating a bit for 1970, decided to use the OECD figure for 1970 | before1970:LTSE,Long-termEconomicStatisticsDatabaseJapan:https://d-infra,ier,hit-u,ac,jp/English/ltes/a000,html"
Japan,JP,1930,OutputY,NA,14671000000,"double checked National incom figures with B. R. Mitchell (auth.) - International Historical Statistics Africa and Asia-Macmillan Education UK (1982) --> similar numbers, only deviating a bit for 1970, decided to use the OECD figure for 1970 | before1970:LTSE,Long-termEconomicStatisticsDatabaseJapan:https://d-infra,ier,hit-u,ac,jp/English/ltes/a000,html"
Japan,JP,1940,OutputY,NA,39396000000,"double checked National incom figures with B. R. Mitchell (auth.) - International Historical Statistics Africa and Asia-Macmillan Education UK (1982) --> similar numbers, only deviating a bit for 1970, decided to use the OECD figure for 1970 | before1970:LTSE,Long-termEconomicStatisticsDatabaseJapan:https://d-infra,ier,hit-u,ac,jp/English/ltes/a000,html"
Japan,JP,1950,OutputY,NA,3946000000000,"double checked National incom figures with B. R. Mitchell (auth.) - International Historical Statistics Africa and Asia-Macmillan Education UK (1982) --> similar numbers, only deviating a bit for 1970, decided to use the OECD figure for 1970 | before1970:LTSE,Long-termEconomicStatisticsDatabaseJapan:https://d-infra,ier,hit-u,ac,jp/English/ltes/a000,html"
Japan,JP,1960,OutputY,NA,15499000000000,"double checked National incom figures with B. R. Mitchell (auth.) - International Historical Statistics Africa and Asia-Macmillan Education UK (1982) --> similar numbers, only deviating a bit for 1970, decided to use the OECD figure for 1970 | before1970:LTSE,Long-termEconomicStatisticsDatabaseJapan:https://d-infra,ier,hit-u,ac,jp/English/ltes/a000,html"
Japan,JP,1970,OutputY,NA,78200515000000,"double checked National incom figures with B. R. Mitchell (auth.) - International Historical Statistics Africa and Asia-Macmillan Education UK (1982) --> similar numbers, only deviating a bit for 1970, decided to use the OECD figure for 1970 | before1970:LTSE,Long-termEconomicStatisticsDatabaseJapan:https://d-infra,ier,hit-u,ac,jp/English/ltes/a000,html"
Japan,JP,1980,OutputY,NA,256075900000000,"double checked National incom figures with B. R. Mitchell (auth.) - International Historical Statistics Africa and Asia-Macmillan Education UK (1982) --> similar numbers, only deviating a bit for 1970, decided to use the OECD figure for 1970 | before1970:LTSE,Long-termEconomicStatisticsDatabaseJapan:https://d-infra,ier,hit-u,ac,jp/English/ltes/a000,html"
Japan,JP,1990,OutputY,NA,461295100000000,"double checked National incom figures with B. R. Mitchell (auth.) - International Historical Statistics Africa and Asia-Macmillan Education UK (1982) --> similar numbers, only deviating a bit for 1970, decided to use the OECD figure for 1970 | before1970:LTSE,Long-termEconomicStatisticsDatabaseJapan:https://d-infra,ier,hit-u,ac,jp/English/ltes/a000,html"
Japan,JP,2000,OutputY,NA,535417700000000,"double checked National incom figures with B. R. Mitchell (auth.) - International Historical Statistics Africa and Asia-Macmillan Education UK (1982) --> similar numbers, only deviating a bit for 1970, decided to use the OECD figure for 1970 | before1970:LTSE,Long-termEconomicStatisticsDatabaseJapan:https://d-infra,ier,hit-u,ac,jp/English/ltes/a000,html"
Japan,JP,2010,OutputY,NA,505530600000000,"double checked National incom figures with B. R. Mitchell (auth.) - International Historical Statistics Africa and Asia-Macmillan Education UK (1982) --> similar numbers, only deviating a bit for 1970, decided to use the OECD figure for 1970 | before1970:LTSE,Long-termEconomicStatisticsDatabaseJapan:https://d-infra,ier,hit-u,ac,jp/English/ltes/a000,html"
Japan,JP,2020,OutputY,NA,539808200000000,"double checked National incom figures with B. R. Mitchell (auth.) - International Historical Statistics Africa and Asia-Macmillan Education UK (1982) --> similar numbers, only deviating a bit for 1970, decided to use the OECD figure for 1970 | before1970:LTSE,Long-termEconomicStatisticsDatabaseJapan:https://d-infra,ier,hit-u,ac,jp/English/ltes/a000,html"
Japan,JP,2020,PublicSectorCurrentReceipts,NA,177308300000000, | OECD Revenue Statistics 2022
SouthKorea,KR,1970,Inheritance&GiftTaxRevenue,NA,2406512487,"1981 value for 1980, and only one value available, likely to include both inheritance and gift tax. In 1988/89 there was a major tax reform which lead to changes in valuation of property (upstepping/appraisal) and thus complicates the statistics. Statistics around this time report on inheritancances and gift taxes collected on inherticanes and gifts prior and after the new tax law. We have added the two values where available. In the formulas here, we always add inheritance volume/tax and then gift volume/tax, so the individual values can be seen from the cells | https://kosis.kr/statHtml/statHtml.do?orgId=133&tblId=TX_13301_A075&vw_cd=MT_ETITLE&list_id=133_13301_200_20_10&scrId=&seqNo=&language=en&obj_var_id=&itm_id=&conn_path=A6&path=%252Feng%252Fsearch%252FsearchList.do"
SouthKorea,KR,1980,Inheritance&GiftTaxRevenue,NA,9805776000,"1981 value for 1980, and only one value available, likely to include both inheritance and gift tax. In 1988/89 there was a major tax reform which lead to changes in valuation of property (upstepping/appraisal) and thus complicates the statistics. Statistics around this time report on inheritancances and gift taxes collected on inherticanes and gifts prior and after the new tax law. We have added the two values where available. In the formulas here, we always add inheritance volume/tax and then gift volume/tax, so the individual values can be seen from the cells | https://kosis.kr/statHtml/statHtml.do?orgId=133&tblId=TX_13301_A075&vw_cd=MT_ETITLE&list_id=133_13301_200_20_10&scrId=&seqNo=&language=en&obj_var_id=&itm_id=&conn_path=A6&path=%252Feng%252Fsearch%252FsearchList.do"
SouthKorea,KR,1990,Inheritance&GiftTaxRevenue,NA,410715000000,"1981 value for 1980, and only one value available, likely to include both inheritance and gift tax. In 1988/89 there was a major tax reform which lead to changes in valuation of property (upstepping/appraisal) and thus complicates the statistics. Statistics around this time report on inheritancances and gift taxes collected on inherticanes and gifts prior and after the new tax law. We have added the two values where available. In the formulas here, we always add inheritance volume/tax and then gift volume/tax, so the individual values can be seen from the cells | https://kosis.kr/statHtml/statHtml.do?orgId=133&tblId=TX_13301_A075&vw_cd=MT_ETITLE&list_id=133_13301_200_20_10&scrId=&seqNo=&language=en&obj_var_id=&itm_id=&conn_path=A6&path=%252Feng%252Fsearch%252FsearchList.do"
SouthKorea,KR,2000,Inheritance&GiftTaxRevenue,NA,988873000000,"1981 value for 1980, and only one value available, likely to include both inheritance and gift tax. In 1988/89 there was a major tax reform which lead to changes in valuation of property (upstepping/appraisal) and thus complicates the statistics. Statistics around this time report on inheritancances and gift taxes collected on inherticanes and gifts prior and after the new tax law. We have added the two values where available. In the formulas here, we always add inheritance volume/tax and then gift volume/tax, so the individual values can be seen from the cells | https://kosis.kr/statHtml/statHtml.do?orgId=133&tblId=TX_13301_A075&vw_cd=MT_ETITLE&list_id=133_13301_200_20_10&scrId=&seqNo=&language=en&obj_var_id=&itm_id=&conn_path=A6&path=%252Feng%252Fsearch%252FsearchList.do"
SouthKorea,KR,2010,Inheritance&GiftTaxRevenue,NA,3076144000000,"1981 value for 1980, and only one value available, likely to include both inheritance and gift tax. In 1988/89 there was a major tax reform which lead to changes in valuation of property (upstepping/appraisal) and thus complicates the statistics. Statistics around this time report on inheritancances and gift taxes collected on inherticanes and gifts prior and after the new tax law. We have added the two values where available. In the formulas here, we always add inheritance volume/tax and then gift volume/tax, so the individual values can be seen from the cells | https://kosis.kr/statHtml/statHtml.do?orgId=133&tblId=TX_13301_A075&vw_cd=MT_ETITLE&list_id=133_13301_200_20_10&scrId=&seqNo=&language=en&obj_var_id=&itm_id=&conn_path=A6&path=%252Feng%252Fsearch%252FsearchList.do"
SouthKorea,KR,2020,Inheritance&GiftTaxRevenue,NA,10375300000000,"1981 value for 1980, and only one value available, likely to include both inheritance and gift tax. In 1988/89 there was a major tax reform which lead to changes in valuation of property (upstepping/appraisal) and thus complicates the statistics. Statistics around this time report on inheritancances and gift taxes collected on inherticanes and gifts prior and after the new tax law. We have added the two values where available. In the formulas here, we always add inheritance volume/tax and then gift volume/tax, so the individual values can be seen from the cells | https://kosis.kr/statHtml/statHtml.do?orgId=133&tblId=TX_13301_A075&vw_cd=MT_ETITLE&list_id=133_13301_200_20_10&scrId=&seqNo=&language=en&obj_var_id=&itm_id=&conn_path=A6&path=%252Feng%252Fsearch%252FsearchList.do"
SouthKorea,KR,1970,InheritanceVolume,economic,177930000000," | 1970-2010: ""Wealth and Inheritance in South Korea, 1970-2013"". Kim Nak-nyun (2015). Naksungdae Institute of Economic research. Working Paper Series 2015-07."
SouthKorea,KR,1970,InheritanceVolume,fiscal,12922000000,"""Technically, there is some overlap between inheritance and gift when it comes to taxation. For example, when calculating inheritance tax, if you receive a gift within 10 years of the date of inheritance, it's included when calculating your estate tax.  And, of course, you deduct the amount of gift tax paid when you do your taxes. In any case, you just need to be aware of this overlap and disclose it when using statistics.
Fortunately, the amount of overlap is not large."" (Yigeun Ryu, who got this information from the tax authorities) | https://kosis.kr/statHtml/statHtml.do?orgId=133&tblId=DT_133N_612&vw_"
SouthKorea,KR,1980,InheritanceVolume,economic,1987390000000," | 1970-2010: ""Wealth and Inheritance in South Korea, 1970-2013"". Kim Nak-nyun (2015). Naksungdae Institute of Economic research. Working Paper Series 2015-07."
SouthKorea,KR,1980,InheritanceVolume,fiscal,50837319000,"""Technically, there is some overlap between inheritance and gift when it comes to taxation. For example, when calculating inheritance tax, if you receive a gift within 10 years of the date of inheritance, it's included when calculating your estate tax.  And, of course, you deduct the amount of gift tax paid when you do your taxes. In any case, you just need to be aware of this overlap and disclose it when using statistics.
Fortunately, the amount of overlap is not large."" (Yigeun Ryu, who got this information from the tax authorities) | https://kosis.kr/statHtml/statHtml.do?orgId=133&tblId=DT_133N_612&vw_"
SouthKorea,KR,1990,InheritanceVolume,economic,11218980000000," | 1970-2010: ""Wealth and Inheritance in South Korea, 1970-2013"". Kim Nak-nyun (2015). Naksungdae Institute of Economic research. Working Paper Series 2015-07."
SouthKorea,KR,1990,InheritanceVolume,fiscal,1585321000000,"""Technically, there is some overlap between inheritance and gift when it comes to taxation. For example, when calculating inheritance tax, if you receive a gift within 10 years of the date of inheritance, it's included when calculating your estate tax.  And, of course, you deduct the amount of gift tax paid when you do your taxes. In any case, you just need to be aware of this overlap and disclose it when using statistics.
Fortunately, the amount of overlap is not large."" (Yigeun Ryu, who got this information from the tax authorities) | https://kosis.kr/statHtml/statHtml.do?orgId=133&tblId=DT_133N_612&vw_"
SouthKorea,KR,2000,InheritanceVolume,economic,24064200000000," | 1970-2010: ""Wealth and Inheritance in South Korea, 1970-2013"". Kim Nak-nyun (2015). Naksungdae Institute of Economic research. Working Paper Series 2015-07."
SouthKorea,KR,2000,InheritanceVolume,fiscal,6578021000000,"""Technically, there is some overlap between inheritance and gift when it comes to taxation. For example, when calculating inheritance tax, if you receive a gift within 10 years of the date of inheritance, it's included when calculating your estate tax.  And, of course, you deduct the amount of gift tax paid when you do your taxes. In any case, you just need to be aware of this overlap and disclose it when using statistics.
Fortunately, the amount of overlap is not large."" (Yigeun Ryu, who got this information from the tax authorities) | https://kosis.kr/statHtml/statHtml.do?orgId=133&tblId=DT_133N_612&vw_"
SouthKorea,KR,2010,InheritanceVolume,economic,81510720000000," | 1970-2010: ""Wealth and Inheritance in South Korea, 1970-2013"". Kim Nak-nyun (2015). Naksungdae Institute of Economic research. Working Paper Series 2015-07."
SouthKorea,KR,2010,InheritanceVolume,fiscal,37981387000000,"""Technically, there is some overlap between inheritance and gift when it comes to taxation. For example, when calculating inheritance tax, if you receive a gift within 10 years of the date of inheritance, it's included when calculating your estate tax.  And, of course, you deduct the amount of gift tax paid when you do your taxes. In any case, you just need to be aware of this overlap and disclose it when using statistics.
Fortunately, the amount of overlap is not large."" (Yigeun Ryu, who got this information from the tax authorities) | https://kosis.kr/statHtml/statHtml.do?orgId=133&tblId=DT_133N_612&vw_"
SouthKorea,KR,2020,InheritanceVolume,economic,199828710000000," | 1970-2010: ""Wealth and Inheritance in South Korea, 1970-2013"". Kim Nak-nyun (2015). Naksungdae Institute of Economic research. Working Paper Series 2015-07."
SouthKorea,KR,2020,InheritanceVolume,fiscal,80868456000000,"""Technically, there is some overlap between inheritance and gift when it comes to taxation. For example, when calculating inheritance tax, if you receive a gift within 10 years of the date of inheritance, it's included when calculating your estate tax.  And, of course, you deduct the amount of gift tax paid when you do your taxes. In any case, you just need to be aware of this overlap and disclose it when using statistics.
Fortunately, the amount of overlap is not large."" (Yigeun Ryu, who got this information from the tax authorities) | https://kosis.kr/statHtml/statHtml.do?orgId=133&tblId=DT_133N_612&vw_"
SouthKorea,KR,2020,PublicSectorCurrentReceipts,NA,538450000000000, | OECD Revenue Statistics 2022
Sweden,SE,1900,Inheritance&GiftTaxRevenue,NA,1780000," | ""InheritancetaxationinSweden,1885–2004:theroleofideology,familyfirms,andtaxavoidance"""
Sweden,SE,1910,Inheritance&GiftTaxRevenue,NA,4322000," | ""InheritancetaxationinSweden,1885–2004:theroleofideology,familyfirms,andtaxavoidance"""
Sweden,SE,1920,Inheritance&GiftTaxRevenue,NA,16930000," | ""InheritancetaxationinSweden,1885–2004:theroleofideology,familyfirms,andtaxavoidance"""
Sweden,SE,1930,Inheritance&GiftTaxRevenue,NA,18102000," | ""InheritancetaxationinSweden,1885–2004:theroleofideology,familyfirms,andtaxavoidance"""
Sweden,SE,1940,Inheritance&GiftTaxRevenue,NA,28115000," | ""InheritancetaxationinSweden,1885–2004:theroleofideology,familyfirms,andtaxavoidance"""
Sweden,SE,1950,Inheritance&GiftTaxRevenue,NA,81940000," | ""InheritancetaxationinSweden,1885–2004:theroleofideology,familyfirms,andtaxavoidance"""
Sweden,SE,1960,Inheritance&GiftTaxRevenue,NA,127460000," | ""InheritancetaxationinSweden,1885–2004:theroleofideology,familyfirms,andtaxavoidance"""
Sweden,SE,1970,Inheritance&GiftTaxRevenue,NA,235100000," | ""InheritancetaxationinSweden,1885–2004:theroleofideology,familyfirms,andtaxavoidance"""
Sweden,SE,1980,Inheritance&GiftTaxRevenue,NA,518258000," | ""InheritancetaxationinSweden,1885–2004:theroleofideology,familyfirms,andtaxavoidance"""
Sweden,SE,1990,Inheritance&GiftTaxRevenue,NA,1532832000," | ""InheritancetaxationinSweden,1885–2004:theroleofideology,familyfirms,andtaxavoidance"""
Sweden,SE,2000,Inheritance&GiftTaxRevenue,NA,2548000000," | ""InheritancetaxationinSweden,1885–2004:theroleofideology,familyfirms,andtaxavoidance"""
Sweden,SE,1900,InheritanceVolume,economic,222908260,"2016 used for 2020 | Ohlsson,H,,Roine,J,,Waldenström,D,(2018),""Inheritedwealthoverthepathofdevelopment:Sweden1810-2016"",JournaloftheEuropeanEconomicAssociation[UsedtheunderlyingExceldata:tab""Yearlydata_Sweden"",columnF&CtocalculateInheritanceFlow(Bt)"
Sweden,SE,1910,InheritanceVolume,economic,341195805,"2016 used for 2020 | Ohlsson,H,,Roine,J,,Waldenström,D,(2018),""Inheritedwealthoverthepathofdevelopment:Sweden1810-2016"",JournaloftheEuropeanEconomicAssociation[UsedtheunderlyingExceldata:tab""Yearlydata_Sweden"",columnF&CtocalculateInheritanceFlow(Bt)"
Sweden,SE,1920,InheritanceVolume,economic,716854718,"2016 used for 2020 | Ohlsson,H,,Roine,J,,Waldenström,D,(2018),""Inheritedwealthoverthepathofdevelopment:Sweden1810-2016"",JournaloftheEuropeanEconomicAssociation[UsedtheunderlyingExceldata:tab""Yearlydata_Sweden"",columnF&CtocalculateInheritanceFlow(Bt)"
Sweden,SE,1930,InheritanceVolume,economic,590842495,"2016 used for 2020 | Ohlsson,H,,Roine,J,,Waldenström,D,(2018),""Inheritedwealthoverthepathofdevelopment:Sweden1810-2016"",JournaloftheEuropeanEconomicAssociation[UsedtheunderlyingExceldata:tab""Yearlydata_Sweden"",columnF&CtocalculateInheritanceFlow(Bt)"
Sweden,SE,1940,InheritanceVolume,economic,743157397,"2016 used for 2020 | Ohlsson,H,,Roine,J,,Waldenström,D,(2018),""Inheritedwealthoverthepathofdevelopment:Sweden1810-2016"",JournaloftheEuropeanEconomicAssociation[UsedtheunderlyingExceldata:tab""Yearlydata_Sweden"",columnF&CtocalculateInheritanceFlow(Bt)"
Sweden,SE,1950,InheritanceVolume,economic,1740584042,"2016 used for 2020 | Ohlsson,H,,Roine,J,,Waldenström,D,(2018),""Inheritedwealthoverthepathofdevelopment:Sweden1810-2016"",JournaloftheEuropeanEconomicAssociation[UsedtheunderlyingExceldata:tab""Yearlydata_Sweden"",columnF&CtocalculateInheritanceFlow(Bt)"
Sweden,SE,1960,InheritanceVolume,economic,3451667795,"2016 used for 2020 | Ohlsson,H,,Roine,J,,Waldenström,D,(2018),""Inheritedwealthoverthepathofdevelopment:Sweden1810-2016"",JournaloftheEuropeanEconomicAssociation[UsedtheunderlyingExceldata:tab""Yearlydata_Sweden"",columnF&CtocalculateInheritanceFlow(Bt)"
Sweden,SE,1970,InheritanceVolume,economic,7663987104,"2016 used for 2020 | Ohlsson,H,,Roine,J,,Waldenström,D,(2018),""Inheritedwealthoverthepathofdevelopment:Sweden1810-2016"",JournaloftheEuropeanEconomicAssociation[UsedtheunderlyingExceldata:tab""Yearlydata_Sweden"",columnF&CtocalculateInheritanceFlow(Bt)"
Sweden,SE,1980,InheritanceVolume,economic,26580174236,"2016 used for 2020 | Ohlsson,H,,Roine,J,,Waldenström,D,(2018),""Inheritedwealthoverthepathofdevelopment:Sweden1810-2016"",JournaloftheEuropeanEconomicAssociation[UsedtheunderlyingExceldata:tab""Yearlydata_Sweden"",columnF&CtocalculateInheritanceFlow(Bt)"
Sweden,SE,1990,InheritanceVolume,economic,76497512000,"2016 used for 2020 | Ohlsson,H,,Roine,J,,Waldenström,D,(2018),""Inheritedwealthoverthepathofdevelopment:Sweden1810-2016"",JournaloftheEuropeanEconomicAssociation[UsedtheunderlyingExceldata:tab""Yearlydata_Sweden"",columnF&CtocalculateInheritanceFlow(Bt)"
Sweden,SE,2000,InheritanceVolume,economic,136360940000,"2016 used for 2020 | Ohlsson,H,,Roine,J,,Waldenström,D,(2018),""Inheritedwealthoverthepathofdevelopment:Sweden1810-2016"",JournaloftheEuropeanEconomicAssociation[UsedtheunderlyingExceldata:tab""Yearlydata_Sweden"",columnF&CtocalculateInheritanceFlow(Bt)"
Sweden,SE,2010,InheritanceVolume,economic,251517000001,"2016 used for 2020 | Ohlsson,H,,Roine,J,,Waldenström,D,(2018),""Inheritedwealthoverthepathofdevelopment:Sweden1810-2016"",JournaloftheEuropeanEconomicAssociation[UsedtheunderlyingExceldata:tab""Yearlydata_Sweden"",columnF&CtocalculateInheritanceFlow(Bt)"
Sweden,SE,2020,InheritanceVolume,economic,368229000001,"2016 used for 2020 | Ohlsson,H,,Roine,J,,Waldenström,D,(2018),""Inheritedwealthoverthepathofdevelopment:Sweden1810-2016"",JournaloftheEuropeanEconomicAssociation[UsedtheunderlyingExceldata:tab""Yearlydata_Sweden"",columnF&CtocalculateInheritanceFlow(Bt)"
Sweden,SE,1900,InheritanceVolume (Fiscal),fiscal,253541580," | Ohlsson,H,,Roine,J,,Waldenström,D,(2018),""Inheritedwealthoverthepathofdevelopment:Sweden1810-2016"",JournaloftheEuropeanEconomicAssociation[UsedtheunderlyingExceldata:tab""Yearlydata_Sweden"" and ""Fig 7"" (with fiscal flows)"
Sweden,SE,1910,InheritanceVolume (Fiscal),fiscal,0," | Ohlsson,H,,Roine,J,,Waldenström,D,(2018),""Inheritedwealthoverthepathofdevelopment:Sweden1810-2016"",JournaloftheEuropeanEconomicAssociation[UsedtheunderlyingExceldata:tab""Yearlydata_Sweden"" and ""Fig 7"" (with fiscal flows)"
Sweden,SE,1920,InheritanceVolume (Fiscal),fiscal,0," | Ohlsson,H,,Roine,J,,Waldenström,D,(2018),""Inheritedwealthoverthepathofdevelopment:Sweden1810-2016"",JournaloftheEuropeanEconomicAssociation[UsedtheunderlyingExceldata:tab""Yearlydata_Sweden"" and ""Fig 7"" (with fiscal flows)"
Sweden,SE,1930,InheritanceVolume (Fiscal),fiscal,0," | Ohlsson,H,,Roine,J,,Waldenström,D,(2018),""Inheritedwealthoverthepathofdevelopment:Sweden1810-2016"",JournaloftheEuropeanEconomicAssociation[UsedtheunderlyingExceldata:tab""Yearlydata_Sweden"" and ""Fig 7"" (with fiscal flows)"
Sweden,SE,1940,InheritanceVolume (Fiscal),fiscal,456538421," | Ohlsson,H,,Roine,J,,Waldenström,D,(2018),""Inheritedwealthoverthepathofdevelopment:Sweden1810-2016"",JournaloftheEuropeanEconomicAssociation[UsedtheunderlyingExceldata:tab""Yearlydata_Sweden"" and ""Fig 7"" (with fiscal flows)"
Sweden,SE,1950,InheritanceVolume (Fiscal),fiscal,572584358," | Ohlsson,H,,Roine,J,,Waldenström,D,(2018),""Inheritedwealthoverthepathofdevelopment:Sweden1810-2016"",JournaloftheEuropeanEconomicAssociation[UsedtheunderlyingExceldata:tab""Yearlydata_Sweden"" and ""Fig 7"" (with fiscal flows)"
Sweden,SE,1960,InheritanceVolume (Fiscal),fiscal,1817795406," | Ohlsson,H,,Roine,J,,Waldenström,D,(2018),""Inheritedwealthoverthepathofdevelopment:Sweden1810-2016"",JournaloftheEuropeanEconomicAssociation[UsedtheunderlyingExceldata:tab""Yearlydata_Sweden"" and ""Fig 7"" (with fiscal flows)"
Sweden,SE,1970,InheritanceVolume (Fiscal),fiscal,0," | Ohlsson,H,,Roine,J,,Waldenström,D,(2018),""Inheritedwealthoverthepathofdevelopment:Sweden1810-2016"",JournaloftheEuropeanEconomicAssociation[UsedtheunderlyingExceldata:tab""Yearlydata_Sweden"" and ""Fig 7"" (with fiscal flows)"
Sweden,SE,1980,InheritanceVolume (Fiscal),fiscal,0," | Ohlsson,H,,Roine,J,,Waldenström,D,(2018),""Inheritedwealthoverthepathofdevelopment:Sweden1810-2016"",JournaloftheEuropeanEconomicAssociation[UsedtheunderlyingExceldata:tab""Yearlydata_Sweden"" and ""Fig 7"" (with fiscal flows)"
Sweden,SE,1990,InheritanceVolume (Fiscal),fiscal,0," | Ohlsson,H,,Roine,J,,Waldenström,D,(2018),""Inheritedwealthoverthepathofdevelopment:Sweden1810-2016"",JournaloftheEuropeanEconomicAssociation[UsedtheunderlyingExceldata:tab""Yearlydata_Sweden"" and ""Fig 7"" (with fiscal flows)"
Sweden,SE,2000,InheritanceVolume (Fiscal),fiscal,61395960000," | Ohlsson,H,,Roine,J,,Waldenström,D,(2018),""Inheritedwealthoverthepathofdevelopment:Sweden1810-2016"",JournaloftheEuropeanEconomicAssociation[UsedtheunderlyingExceldata:tab""Yearlydata_Sweden"" and ""Fig 7"" (with fiscal flows)"
Sweden,SE,2000,PublicSectorCurrentReceipts,NA,1204800000000, | OECD Revenue Statistics 2022
Sweden,SE,2020,PublicSectorCurrentReceipts,NA,2132400000000, | OECD Revenue Statistics 2022
Switzerland,CH,1970,Inheritance&GiftTaxRevenue,NA,222000000, | OECDTaxRevenueStatistics
Switzerland,CH,1980,Inheritance&GiftTaxRevenue,NA,393000000, | OECDTaxRevenueStatistics
Switzerland,CH,1990,Inheritance&GiftTaxRevenue,NA,896171000, | OECDTaxRevenueStatistics
Switzerland,CH,2000,Inheritance&GiftTaxRevenue,NA,1214981000, | OECDTaxRevenueStatistics
Switzerland,CH,2010,Inheritance&GiftTaxRevenue,NA,974116000, | OECDTaxRevenueStatistics
Switzerland,CH,2020,Inheritance&GiftTaxRevenue,NA,1271947000, | OECDTaxRevenueStatistics
Switzerland,CH,1990,InheritanceVolume,economic,21865168898,"Brülhart only disclosed his inheritance data from 1990 onwards | Brühlhartetal:InheritanceflowsinSwitzerland,1911–2011"
Switzerland,CH,2000,InheritanceVolume,economic,35616056131,"Brülhart only disclosed his inheritance data from 1990 onwards | Brühlhartetal:InheritanceflowsinSwitzerland,1911–2011"
Switzerland,CH,2010,InheritanceVolume,economic,58014802460,"Brülhart only disclosed his inheritance data from 1990 onwards | Brühlhartetal:InheritanceflowsinSwitzerland,1911–2011"
Switzerland,CH,2020,InheritanceVolume,economic,94500000000,"Brülhart only disclosed his inheritance data from 1990 onwards | Brühlhartetal:InheritanceflowsinSwitzerland,1911–2011"
Switzerland,CH,2020,PublicSectorCurrentReceipts,NA,194400000000, | OECD Revenue Statistics 2022
UK,UK,1900,Inheritance&GiftTaxRevenue,NA,17200000, | 1900-1940: OBRHistoricalpublicfinancesdatabase
UK,UK,1910,Inheritance&GiftTaxRevenue,NA,25500000, | 1900-1940: OBRHistoricalpublicfinancesdatabase
UK,UK,1920,Inheritance&GiftTaxRevenue,NA,47700000, | 1900-1940: OBRHistoricalpublicfinancesdatabase
UK,UK,1930,Inheritance&GiftTaxRevenue,NA,82600000, | 1900-1940: OBRHistoricalpublicfinancesdatabase
UK,UK,1940,Inheritance&GiftTaxRevenue,NA,80800000, | 1900-1940: OBRHistoricalpublicfinancesdatabase
UK,UK,1950,Inheritance&GiftTaxRevenue,NA,184000000, | 1900-1940: OBRHistoricalpublicfinancesdatabase
UK,UK,1960,Inheritance&GiftTaxRevenue,NA,234000000, | 1900-1940: OBRHistoricalpublicfinancesdatabase
UK,UK,1970,Inheritance&GiftTaxRevenue,NA,374000000, | 1900-1940: OBRHistoricalpublicfinancesdatabase
UK,UK,1980,Inheritance&GiftTaxRevenue,NA,449000000, | 1900-1940: OBRHistoricalpublicfinancesdatabase
UK,UK,1990,Inheritance&GiftTaxRevenue,NA,1315000000, | 1900-1940: OBRHistoricalpublicfinancesdatabase
UK,UK,2000,Inheritance&GiftTaxRevenue,NA,2203000000, | 1900-1940: OBRHistoricalpublicfinancesdatabase
UK,UK,2010,Inheritance&GiftTaxRevenue,NA,2632000000, | 1900-1940: OBRHistoricalpublicfinancesdatabase
UK,UK,2020,Inheritance&GiftTaxRevenue,NA,5228000000, | 1900-1940: OBRHistoricalpublicfinancesdatabase
UK,UK,1900,InheritanceVolume (fiscal adjusted),adjusted fiscal,319137255,Unadjusted estate data (fiscal) + Plus correction for exempt assets and undervaluation a Plus gifts inter vivos [2010 data=2008 Atkinson data; 2000= average 1999/2001]. | Atkinson2018:WealthandinheritanceinBritainfrom1896tothepresent
UK,UK,1910,InheritanceVolume (fiscal adjusted),adjusted fiscal,329043478,Unadjusted estate data (fiscal) + Plus correction for exempt assets and undervaluation a Plus gifts inter vivos [2010 data=2008 Atkinson data; 2000= average 1999/2001]. | Atkinson2018:WealthandinheritanceinBritainfrom1896tothepresent
UK,UK,1920,InheritanceVolume (fiscal adjusted),adjusted fiscal,449523288,Unadjusted estate data (fiscal) + Plus correction for exempt assets and undervaluation a Plus gifts inter vivos [2010 data=2008 Atkinson data; 2000= average 1999/2001]. | Atkinson2018:WealthandinheritanceinBritainfrom1896tothepresent
UK,UK,1930,InheritanceVolume (fiscal adjusted),adjusted fiscal,618532283,Unadjusted estate data (fiscal) + Plus correction for exempt assets and undervaluation a Plus gifts inter vivos [2010 data=2008 Atkinson data; 2000= average 1999/2001]. | Atkinson2018:WealthandinheritanceinBritainfrom1896tothepresent
UK,UK,1940,InheritanceVolume (fiscal adjusted),adjusted fiscal,648686598,Unadjusted estate data (fiscal) + Plus correction for exempt assets and undervaluation a Plus gifts inter vivos [2010 data=2008 Atkinson data; 2000= average 1999/2001]. | Atkinson2018:WealthandinheritanceinBritainfrom1896tothepresent
UK,UK,1950,InheritanceVolume (fiscal adjusted),adjusted fiscal,1098200000,Unadjusted estate data (fiscal) + Plus correction for exempt assets and undervaluation a Plus gifts inter vivos [2010 data=2008 Atkinson data; 2000= average 1999/2001]. | Atkinson2018:WealthandinheritanceinBritainfrom1896tothepresent
UK,UK,1960,InheritanceVolume (fiscal adjusted),adjusted fiscal,1645271186,Unadjusted estate data (fiscal) + Plus correction for exempt assets and undervaluation a Plus gifts inter vivos [2010 data=2008 Atkinson data; 2000= average 1999/2001]. | Atkinson2018:WealthandinheritanceinBritainfrom1896tothepresent
UK,UK,1970,InheritanceVolume (fiscal adjusted),adjusted fiscal,2570187755,Unadjusted estate data (fiscal) + Plus correction for exempt assets and undervaluation a Plus gifts inter vivos [2010 data=2008 Atkinson data; 2000= average 1999/2001]. | Atkinson2018:WealthandinheritanceinBritainfrom1896tothepresent
UK,UK,1980,InheritanceVolume (fiscal adjusted),adjusted fiscal,9120770000,Unadjusted estate data (fiscal) + Plus correction for exempt assets and undervaluation a Plus gifts inter vivos [2010 data=2008 Atkinson data; 2000= average 1999/2001]. | Atkinson2018:WealthandinheritanceinBritainfrom1896tothepresent
UK,UK,1990,InheritanceVolume (fiscal adjusted),adjusted fiscal,25337318182,Unadjusted estate data (fiscal) + Plus correction for exempt assets and undervaluation a Plus gifts inter vivos [2010 data=2008 Atkinson data; 2000= average 1999/2001]. | Atkinson2018:WealthandinheritanceinBritainfrom1896tothepresent
UK,UK,2000,InheritanceVolume (fiscal adjusted),adjusted fiscal,54484243387,Unadjusted estate data (fiscal) + Plus correction for exempt assets and undervaluation a Plus gifts inter vivos [2010 data=2008 Atkinson data; 2000= average 1999/2001]. | Atkinson2018:WealthandinheritanceinBritainfrom1896tothepresent
UK,UK,2010,InheritanceVolume (fiscal adjusted),adjusted fiscal,84162666667,Unadjusted estate data (fiscal) + Plus correction for exempt assets and undervaluation a Plus gifts inter vivos [2010 data=2008 Atkinson data; 2000= average 1999/2001]. | Atkinson2018:WealthandinheritanceinBritainfrom1896tothepresent
UK,UK,2020,InheritanceVolume (fiscal adjusted),adjusted fiscal,148000000000,Unadjusted estate data (fiscal) + Plus correction for exempt assets and undervaluation a Plus gifts inter vivos [2010 data=2008 Atkinson data; 2000= average 1999/2001]. | Atkinson2018:WealthandinheritanceinBritainfrom1896tothepresent
UK,UK,1900,InheritanceVolume (fiscal),fiscal,261856209,Unadjusted estate data (fiscal) Plus gifts inter vivos [2010 data=2008 Atkinson data; 2000= average 1999/2001].
UK,UK,1910,InheritanceVolume (fiscal),fiscal,269217391,Unadjusted estate data (fiscal) Plus gifts inter vivos [2010 data=2008 Atkinson data; 2000= average 1999/2001].
UK,UK,1920,InheritanceVolume (fiscal),fiscal,388224658,Unadjusted estate data (fiscal) Plus gifts inter vivos [2010 data=2008 Atkinson data; 2000= average 1999/2001].
UK,UK,1930,InheritanceVolume (fiscal),fiscal,545285039,Unadjusted estate data (fiscal) Plus gifts inter vivos [2010 data=2008 Atkinson data; 2000= average 1999/2001].
UK,UK,1940,InheritanceVolume (fiscal),fiscal,565521649,Unadjusted estate data (fiscal) Plus gifts inter vivos [2010 data=2008 Atkinson data; 2000= average 1999/2001].
UK,UK,1950,InheritanceVolume (fiscal),fiscal,893633333,Unadjusted estate data (fiscal) Plus gifts inter vivos [2010 data=2008 Atkinson data; 2000= average 1999/2001].
UK,UK,1960,InheritanceVolume (fiscal),fiscal,1434338983,Unadjusted estate data (fiscal) Plus gifts inter vivos [2010 data=2008 Atkinson data; 2000= average 1999/2001].
UK,UK,1970,InheritanceVolume (fiscal),fiscal,2248914286,Unadjusted estate data (fiscal) Plus gifts inter vivos [2010 data=2008 Atkinson data; 2000= average 1999/2001].
UK,UK,1980,InheritanceVolume (fiscal),fiscal,7571960000,Unadjusted estate data (fiscal) Plus gifts inter vivos [2010 data=2008 Atkinson data; 2000= average 1999/2001].
UK,UK,1990,InheritanceVolume (fiscal),fiscal,20269854545,Unadjusted estate data (fiscal) Plus gifts inter vivos [2010 data=2008 Atkinson data; 2000= average 1999/2001].
UK,UK,2000,InheritanceVolume (fiscal),fiscal,42579026791,Unadjusted estate data (fiscal) Plus gifts inter vivos [2010 data=2008 Atkinson data; 2000= average 1999/2001].
UK,UK,2010,InheritanceVolume (fiscal),fiscal,68240000000,Unadjusted estate data (fiscal) Plus gifts inter vivos [2010 data=2008 Atkinson data; 2000= average 1999/2001].
UK,UK,1970,NominalGDP,NA,57742000000,
UK,UK,1980,NominalGDP,NA,267589000000,
UK,UK,1900,PublicSectorCurrentReceipts,NA,194000000, | 1900-2010: OBRHistoricalpublicfinancesdatabase
UK,UK,1910,PublicSectorCurrentReceipts,NA,270000000, | 1900-2010: OBRHistoricalpublicfinancesdatabase
UK,UK,1920,PublicSectorCurrentReceipts,NA,1251000000, | 1900-2010: OBRHistoricalpublicfinancesdatabase
UK,UK,1930,PublicSectorCurrentReceipts,NA,1131000000, | 1900-2010: OBRHistoricalpublicfinancesdatabase
UK,UK,1940,PublicSectorCurrentReceipts,NA,2095000000, | 1900-2010: OBRHistoricalpublicfinancesdatabase
UK,UK,1950,PublicSectorCurrentReceipts,NA,5458000000, | 1900-2010: OBRHistoricalpublicfinancesdatabase
UK,UK,1960,PublicSectorCurrentReceipts,NA,8913000000, | 1900-2010: OBRHistoricalpublicfinancesdatabase
UK,UK,1970,PublicSectorCurrentReceipts,NA,23117000000, | 1900-2010: OBRHistoricalpublicfinancesdatabase
UK,UK,1980,PublicSectorCurrentReceipts,NA,102984000000, | 1900-2010: OBRHistoricalpublicfinancesdatabase
UK,UK,1990,PublicSectorCurrentReceipts,NA,230536000000, | 1900-2010: OBRHistoricalpublicfinancesdatabase
UK,UK,2000,PublicSectorCurrentReceipts,NA,379752000000, | 1900-2010: OBRHistoricalpublicfinancesdatabase
UK,UK,2010,PublicSectorCurrentReceipts,NA,603409000000, | 1900-2010: OBRHistoricalpublicfinancesdatabase
UK,UK,2020,PublicSectorCurrentReceipts,NA,690500000000, | 1900-2010: OBRHistoricalpublicfinancesdatabase
UK,UK,1900,Threshold,NA,100,
UK,UK,1910,Threshold,NA,100,
UK,UK,1920,Threshold,NA,100,
UK,UK,1930,Threshold,NA,100,
UK,UK,1940,Threshold,NA,100,
UK,UK,1950,Threshold,NA,2000,
UK,UK,1960,Threshold,NA,3000,
UK,UK,1970,Threshold,NA,10000,
UK,UK,1980,Threshold,NA,50000,
USA,US,1900,Inheritance&GiftTaxRevenue,NA,2900000," | 1900: precursor of modern estate tax as part of the War Revenue Act of 1898. Figure from Johnson and Eller (1998): ""FEDERAL TAXATION OF INHERITANCE AND WEALTH TRANSFERS"". IRS. https://www.irs.gov/pub/irs-soi/inhwlttr.pdf"
USA,US,1920,Inheritance&GiftTaxRevenue,NA,104000000," | 1900: precursor of modern estate tax as part of the War Revenue Act of 1898. Figure from Johnson and Eller (1998): ""FEDERAL TAXATION OF INHERITANCE AND WEALTH TRANSFERS"". IRS. https://www.irs.gov/pub/irs-soi/inhwlttr.pdf"
USA,US,1930,Inheritance&GiftTaxRevenue,NA,65000000," | 1900: precursor of modern estate tax as part of the War Revenue Act of 1898. Figure from Johnson and Eller (1998): ""FEDERAL TAXATION OF INHERITANCE AND WEALTH TRANSFERS"". IRS. https://www.irs.gov/pub/irs-soi/inhwlttr.pdf"
USA,US,1940,Inheritance&GiftTaxRevenue,NA,353000000," | 1900: precursor of modern estate tax as part of the War Revenue Act of 1898. Figure from Johnson and Eller (1998): ""FEDERAL TAXATION OF INHERITANCE AND WEALTH TRANSFERS"". IRS. https://www.irs.gov/pub/irs-soi/inhwlttr.pdf"
USA,US,1950,Inheritance&GiftTaxRevenue,NA,698000000," | 1900: precursor of modern estate tax as part of the War Revenue Act of 1898. Figure from Johnson and Eller (1998): ""FEDERAL TAXATION OF INHERITANCE AND WEALTH TRANSFERS"". IRS. https://www.irs.gov/pub/irs-soi/inhwlttr.pdf"
USA,US,1960,Inheritance&GiftTaxRevenue,NA,1606000000," | 1900: precursor of modern estate tax as part of the War Revenue Act of 1898. Figure from Johnson and Eller (1998): ""FEDERAL TAXATION OF INHERITANCE AND WEALTH TRANSFERS"". IRS. https://www.irs.gov/pub/irs-soi/inhwlttr.pdf"
USA,US,1970,Inheritance&GiftTaxRevenue,NA,3644000000," | 1900: precursor of modern estate tax as part of the War Revenue Act of 1898. Figure from Johnson and Eller (1998): ""FEDERAL TAXATION OF INHERITANCE AND WEALTH TRANSFERS"". IRS. https://www.irs.gov/pub/irs-soi/inhwlttr.pdf"
USA,US,1980,Inheritance&GiftTaxRevenue,NA,6389000000," | 1900: precursor of modern estate tax as part of the War Revenue Act of 1898. Figure from Johnson and Eller (1998): ""FEDERAL TAXATION OF INHERITANCE AND WEALTH TRANSFERS"". IRS. https://www.irs.gov/pub/irs-soi/inhwlttr.pdf"
USA,US,1990,Inheritance&GiftTaxRevenue,NA,11500000000," | 1900: precursor of modern estate tax as part of the War Revenue Act of 1898. Figure from Johnson and Eller (1998): ""FEDERAL TAXATION OF INHERITANCE AND WEALTH TRANSFERS"". IRS. https://www.irs.gov/pub/irs-soi/inhwlttr.pdf"
USA,US,2000,Inheritance&GiftTaxRevenue,NA,35640000000," | 1900: precursor of modern estate tax as part of the War Revenue Act of 1898. Figure from Johnson and Eller (1998): ""FEDERAL TAXATION OF INHERITANCE AND WEALTH TRANSFERS"". IRS. https://www.irs.gov/pub/irs-soi/inhwlttr.pdf"
USA,US,2010,Inheritance&GiftTaxRevenue,NA,19699000000," | 1900: precursor of modern estate tax as part of the War Revenue Act of 1898. Figure from Johnson and Eller (1998): ""FEDERAL TAXATION OF INHERITANCE AND WEALTH TRANSFERS"". IRS. https://www.irs.gov/pub/irs-soi/inhwlttr.pdf"
USA,US,2020,Inheritance&GiftTaxRevenue,NA,25277000000," | 1900: precursor of modern estate tax as part of the War Revenue Act of 1898. Figure from Johnson and Eller (1998): ""FEDERAL TAXATION OF INHERITANCE AND WEALTH TRANSFERS"". IRS. https://www.irs.gov/pub/irs-soi/inhwlttr.pdf"
USA,US,1900,InheritanceVolume,economic,1893745734," | until2010:combiningALVAREDO,GARBINTIandPIKETTY(2017)bytdatamultiplyingwithYtdatafromPikettyandSaez2014"
USA,US,1910,InheritanceVolume,economic,2952231023," | until2010:combiningALVAREDO,GARBINTIandPIKETTY(2017)bytdatamultiplyingwithYtdatafromPikettyandSaez2014"
USA,US,1920,InheritanceVolume,economic,6695231940," | until2010:combiningALVAREDO,GARBINTIandPIKETTY(2017)bytdatamultiplyingwithYtdatafromPikettyandSaez2014"
USA,US,1930,InheritanceVolume,economic,9417824172," | until2010:combiningALVAREDO,GARBINTIandPIKETTY(2017)bytdatamultiplyingwithYtdatafromPikettyandSaez2014"
USA,US,1930,InheritanceVolume,fiscal,2360719000," | 1930-1990 inheritance:1968 for 1970, 1982 for 1980):  IRS:https://www,irs,gov/statistics/soi-tax-stats-historical-table-17"
USA,US,1940,InheritanceVolume,economic,8828707150," | until2010:combiningALVAREDO,GARBINTIandPIKETTY(2017)bytdatamultiplyingwithYtdatafromPikettyandSaez2014"
USA,US,1940,InheritanceVolume,fiscal,3148356000," | 1930-1990 inheritance:1968 for 1970, 1982 for 1980):  IRS:https://www,irs,gov/statistics/soi-tax-stats-historical-table-17"
USA,US,1950,InheritanceVolume,economic,22061631991," | until2010:combiningALVAREDO,GARBINTIandPIKETTY(2017)bytdatamultiplyingwithYtdatafromPikettyandSaez2014"
USA,US,1950,InheritanceVolume,fiscal,5720092000," | 1930-1990 inheritance:1968 for 1970, 1982 for 1980):  IRS:https://www,irs,gov/statistics/soi-tax-stats-historical-table-17"
USA,US,1960,InheritanceVolume,economic,44654682625," | until2010:combiningALVAREDO,GARBINTIandPIKETTY(2017)bytdatamultiplyingwithYtdatafromPikettyandSaez2014"
USA,US,1960,InheritanceVolume,fiscal,15049522000," | 1930-1990 inheritance:1968 for 1970, 1982 for 1980):  IRS:https://www,irs,gov/statistics/soi-tax-stats-historical-table-17"
USA,US,1970,InheritanceVolume,economic,81222880869," | until2010:combiningALVAREDO,GARBINTIandPIKETTY(2017)bytdatamultiplyingwithYtdatafromPikettyandSaez2014"
USA,US,1970,InheritanceVolume,fiscal,27421473000," | 1930-1990 inheritance:1968 for 1970, 1982 for 1980):  IRS:https://www,irs,gov/statistics/soi-tax-stats-historical-table-17"
USA,US,1980,InheritanceVolume,economic,188492996910," | until2010:combiningALVAREDO,GARBINTIandPIKETTY(2017)bytdatamultiplyingwithYtdatafromPikettyandSaez2014"
USA,US,1980,InheritanceVolume,fiscal,38492524662," | 1930-1990 inheritance:1968 for 1970, 1982 for 1980):  IRS:https://www,irs,gov/statistics/soi-tax-stats-historical-table-17"
USA,US,1990,InheritanceVolume,economic,390581324000," | until2010:combiningALVAREDO,GARBINTIandPIKETTY(2017)bytdatamultiplyingwithYtdatafromPikettyandSaez2014"
USA,US,1990,InheritanceVolume,fiscal,66942801413," | 1930-1990 inheritance:1968 for 1970, 1982 for 1980):  IRS:https://www,irs,gov/statistics/soi-tax-stats-historical-table-17"
USA,US,2000,InheritanceVolume,economic,777281538610," | until2010:combiningALVAREDO,GARBINTIandPIKETTY(2017)bytdatamultiplyingwithYtdatafromPikettyandSaez2014"
USA,US,2000,InheritanceVolume,fiscal,162607006415," | 1930-1990 inheritance:1968 for 1970, 1982 for 1980):  IRS:https://www,irs,gov/statistics/soi-tax-stats-historical-table-17"
USA,US,2010,InheritanceVolume,economic,1057548132188," | until2010:combiningALVAREDO,GARBINTIandPIKETTY(2017)bytdatamultiplyingwithYtdatafromPikettyandSaez2014"
USA,US,2010,InheritanceVolume,fiscal,113323255381," | 1930-1990 inheritance:1968 for 1970, 1982 for 1980):  IRS:https://www,irs,gov/statistics/soi-tax-stats-historical-table-17"
USA,US,2020,InheritanceVolume,economic,1600000000000," | until2010:combiningALVAREDO,GARBINTIandPIKETTY(2017)bytdatamultiplyingwithYtdatafromPikettyandSaez2014"
USA,US,2020,InheritanceVolume,fiscal,153128686909," | 1930-1990 inheritance:1968 for 1970, 1982 for 1980):  IRS:https://www,irs,gov/statistics/soi-tax-stats-historical-table-17"
USA,US,2020,PublicSectorCurrentReceipts,NA,5380200000000, | OECD Revenue Statistics 2022
