"quantile","country","stat_name","estimate","se","ci_lo","ci_hi"
"iso10","AT_2023","iso_nw",1.44951095268119,0.0337484351982593,1.3833640196926,1.51565788566978
"iso10","AT_2023","iso_nwx",1.27071074322035,0.0452191346159955,1.182081239373,1.3593402470677
"iso10","AT_2023","iso_diff",0.178800209460844,0.0383399800927199,0.103653848479113,0.253946570442575
"iso10","BE_2023","iso_nw",1.6760159302889,0.0801921912536357,1.51883923543177,1.83319262514602
"iso10","BE_2023","iso_nwx",1.64508430759251,0.081880050939105,1.48459940775186,1.80556920743315
"iso10","BE_2023","iso_diff",0.0309316226963896,0.0443065979058568,-0.0559093091990896,0.117772554591869
"iso10","CY_2023","iso_nw",1.70027577206045,0.118978931375653,1.46707706656417,1.93347447755673
"iso10","CY_2023","iso_nwx",1.72915377917977,0.110578531876887,1.51241985670107,1.94588770165846
"iso10","CY_2023","iso_diff",-0.0288780071193112,0.076693961088599,-0.179198170852965,0.121442156614343
"iso10","DE_2023","iso_nw",1.64338966566896,0.0718854910180851,1.50249410327352,1.78428522806441
"iso10","DE_2023","iso_nwx",1.59520400629203,0.0739054630319765,1.45034929874936,1.7400587138347
"iso10","DE_2023","iso_diff",0.048185659376934,0.0526880145184863,-0.0550828490792991,0.151454167833167
"iso10","EE_2023","iso_nw",1.11032203385699,0.0537443021735694,1.00498320159679,1.21566086611718
"iso10","EE_2023","iso_nwx",1.11025113891828,0.0538754433457526,1.0046552699606,1.21584700787595
"iso10","EE_2023","iso_diff",7.08949387115965e-05,0.0251733066547819,-0.0492687861046608,0.049410575982084
"iso10","ES_2023","iso_nw",1.31642870542404,0.0630437182491132,1.19286301765578,1.4399943931923
"iso10","ES_2023","iso_nwx",1.33502237387836,0.0542400484805443,1.22871187885649,1.44133286890022
"iso10","ES_2023","iso_diff",-0.0185936684543163,0.0414143990757099,-0.0997658906427077,0.0625785537340751
"iso10","FR_2023","iso_nw",1.49058253454365,0.0268146209411977,1.43802587749891,1.5431391915884
"iso10","FR_2023","iso_nwx",1.43235428735498,0.0228438381311355,1.38758036461796,1.47712821009201
"iso10","FR_2023","iso_diff",0.0582282471886699,0.019743082675965,0.0195318051437786,0.0969246892335612
"iso10","GR_2023","iso_nw",1.38664822017736,0.0350615370666069,1.31792760752681,1.45536883282791
"iso10","GR_2023","iso_nwx",1.41611500693591,0.0523027185295409,1.313601678618,1.51862833525381
"iso10","GR_2023","iso_diff",-0.0294667867585413,0.0412653334016347,-0.110346840225745,0.0514132667086627
"iso10","HR_2023","iso_nw",0.85832443618238,0.0603889306714563,0.739962132066325,0.976686740298434
"iso10","HR_2023","iso_nwx",0.966204926325656,0.0588440713066851,0.850870546564554,1.08153930608676
"iso10","HR_2023","iso_diff",-0.107880490143277,0.0528651750758225,-0.211496233291889,-0.00426474699466479
"iso10","HU_2023","iso_nw",0.856530425120056,0.034927472737399,0.788072578554754,0.924988271685358
"iso10","HU_2023","iso_nwx",0.934471759075984,0.0367019811056481,0.862535876108914,1.00640764204305
"iso10","HU_2023","iso_diff",-0.0779413339559281,0.0246231079266353,-0.126202625492133,-0.029680042419723
"iso10","LT_2023","iso_nw",0.693401971820543,0.0571877580671529,0.581313966008924,0.805489977632163
"iso10","LT_2023","iso_nwx",0.814916006601632,0.0446561669922323,0.727389919296857,0.902442093906407
"iso10","LT_2023","iso_diff",-0.121514034781089,0.0480605596590574,-0.215712731712841,-0.027315337849336
"iso10","LU_2023","iso_nw",1.4325701237765,0.0985143487719859,1.23948200018341,1.62565824736959
"iso10","LU_2023","iso_nwx",1.41653696499991,0.0997686817319955,1.2209903488052,1.61208358119462
"iso10","LU_2023","iso_diff",0.0160331587765861,0.042265052165698,-0.0668063434681819,0.0988726610213541
"iso10","LV_2023","iso_nw",1.08896525557749,0.193202280492957,0.710288785811294,1.46764172534369
"iso10","LV_2023","iso_nwx",1.05788452741688,0.178536130625745,0.707953711390424,1.40781534344334
"iso10","LV_2023","iso_diff",0.0310807281606065,0.0653370058625121,-0.0969798033299173,0.15914125965113
"iso10","MT_2023","iso_nw",1.43723626242577,0.120753970357221,1.20055848052562,1.67391404432593
"iso10","MT_2023","iso_nwx",1.36880796507863,0.0993573263095679,1.17406760551188,1.56354832464538
"iso10","MT_2023","iso_diff",0.0684282973471428,0.0216545682378762,0.0259853436009054,0.11087125109338
"iso10","NL_2023","iso_nw",1.62629669360446,0.0530817168836053,1.5222565285126,1.73033685869633
"iso10","NL_2023","iso_nwx",1.62710631083265,0.0542377704446226,1.52080028076119,1.73341234090411
"iso10","NL_2023","iso_diff",-0.000809617228190973,0.0196345171000519,-0.0392932707442928,0.0376740362879108
"iso10","PT_2023","iso_nw",1.57115261471473,0.0529746006687488,1.46732239740398,1.67498283202548
"iso10","PT_2023","iso_nwx",1.57923628987585,0.0487577890551645,1.48367102332773,1.67480155642398
"iso10","PT_2023","iso_diff",-0.00808367516112414,0.0395537667579119,-0.0856090580066314,0.0694417076843832
"iso10","SI_2023","iso_nw",1.32195912165929,0.0611907970100685,1.20202515951956,1.44189308379903
"iso10","SI_2023","iso_nwx",1.45355554097452,0.0663815839781204,1.3234476363774,1.58366344557163
"iso10","SI_2023","iso_diff",-0.131596419315222,0.0428295039314078,-0.215542247020781,-0.0476505916096623
"iso10","SK_2023","iso_nw",0.67206027013011,0.0481063651191051,0.577771794496664,0.766348745763556
"iso10","SK_2023","iso_nwx",0.919959128865748,0.0726601156118228,0.777545302266575,1.06237295546492
"iso10","SK_2023","iso_diff",-0.247898858735638,0.0638573709604047,-0.373059305818031,-0.122738411653244
"iso50*","AT_2023","iso_nw",1.54368721523461,0.277935741628681,0.998933161642391,2.08844126882682
"iso50*","AT_2023","iso_nwx",2.43468373982882,0.369773127716369,1.70992840950474,3.15943907015291
"iso50*","AT_2023","iso_diff",-0.890996524594218,0.499911521928819,-1.8708231075747,0.0888300583862669
"iso50*","BE_2023","iso_nw",0.522837688745251,0.156757949264405,0.215592108187017,0.830083269303485
"iso50*","BE_2023","iso_nwx",0.713418760227576,0.168931165496848,0.382313675853754,1.0445238446014
"iso50*","BE_2023","iso_diff",-0.190581071482325,0.264239048545938,-0.708489606632363,0.327327463667713
"iso50*","CY_2023","iso_nw",0.576167210570159,0.172476596983892,0.238113080481731,0.914221340658587
"iso50*","CY_2023","iso_nwx",0.891777706548852,0.220457272903375,0.459681451658237,1.32387396143947
"iso50*","CY_2023","iso_diff",-0.315610495978693,0.303269639435558,-0.910018989272387,0.278797997315001
"iso50*","DE_2023","iso_nw",1.38926149311576,0.393843279565642,0.6173286651671,2.16119432106442
"iso50*","DE_2023","iso_nwx",1.86961039678954,0.27364747764613,1.33326134060312,2.40595945297595
"iso50*","DE_2023","iso_diff",-0.48034890367378,0.518226982666181,-1.4960737896995,0.535375982351934
"iso50*","EE_2023","iso_nw",0.642233596143387,0.117787410444333,0.411370271672494,0.87309692061428
"iso50*","EE_2023","iso_nwx",0.754934942931477,0.119448747777685,0.520815397287214,0.98905448857574
"iso50*","EE_2023","iso_diff",-0.11270134678809,0.144851298714518,-0.396609892268546,0.171207198692366
"iso50*","ES_2023","iso_nw",0.719833061698618,0.0738793325755913,0.575029569850459,0.864636553546777
"iso50*","ES_2023","iso_nwx",0.833678202791106,0.0799151642556545,0.677044480850023,0.990311924732188
"iso50*","ES_2023","iso_diff",-0.113845141092487,0.109337211527472,-0.328146075686332,0.100455793501357
"iso50*","FR_2023","iso_nw",1.07273988773674,0.0912471797665422,0.893895415394318,1.25158436007916
"iso50*","FR_2023","iso_nwx",1.26494508737314,0.234943157423,0.804456498824056,1.72543367592222
"iso50*","FR_2023","iso_diff",-0.192205199636395,0.195714162243585,-0.575804957633822,0.191394558361031
"iso50*","GR_2023","iso_nw",0.587788440692464,0.179692384535844,0.235591367002209,0.939985514382718
"iso50*","GR_2023","iso_nwx",0.892834331143856,0.170726680224793,0.558210037903261,1.22745862438445
"iso50*","GR_2023","iso_diff",-0.305045890451392,0.243836006861646,-0.782964463900218,0.172872682997434
"iso50*","HR_2023","iso_nw",0.692566826694994,0.171306106301583,0.356806858343892,1.0283267950461
"iso50*","HR_2023","iso_nwx",0.731060010542526,0.153757347968064,0.42969560852512,1.03242441255993
"iso50*","HR_2023","iso_diff",-0.0384931838475313,0.219522028098004,-0.468756358919618,0.391769991224556
"iso50*","HU_2023","iso_nw",0.559673815410432,0.0655151322995874,0.431264156103241,0.688083474717624
"iso50*","HU_2023","iso_nwx",0.561655897259055,0.0623951621659715,0.439361379413751,0.683950415104359
"iso50*","HU_2023","iso_diff",-0.00198208184862221,0.0659081660718383,-0.131162087349425,0.127197923652181
"iso50*","LT_2023","iso_nw",0.432436320615975,0.0867605238971273,0.262385693777605,0.602486947454344
"iso50*","LT_2023","iso_nwx",0.670337884133715,0.192435607599146,0.29316409323939,1.04751167502804
"iso50*","LT_2023","iso_diff",-0.23790156351774,0.234047082697191,-0.696633845604234,0.220830718568753
"iso50*","LU_2023","iso_nw",0.87414745517441,0.202855607169223,0.476550465122733,1.27174444522609
"iso50*","LU_2023","iso_nwx",0.935277405554773,0.190169817451376,0.562544563350076,1.30801024775947
"iso50*","LU_2023","iso_diff",-0.0611299503803634,0.291372369629824,-0.632219794854818,0.509959894094091
"iso50*","LV_2023","iso_nw",0.779403780048497,0.252224173915522,0.285044399174074,1.27376316092292
"iso50*","LV_2023","iso_nwx",0.770348134063951,0.303616001033561,0.175260772038171,1.36543549608973
"iso50*","LV_2023","iso_diff",0.00905564598454567,0.33120365644657,-0.640103520650732,0.658214812619824
"iso50*","MT_2023","iso_nw",0.72214387833253,0.318004828470399,0.0988544145305473,1.34543334213451
"iso50*","MT_2023","iso_nwx",0.66527231787674,0.070388802019157,0.527310265919193,0.803234369834288
"iso50*","MT_2023","iso_diff",0.0568715604557894,0.386848826872082,-0.701352140213492,0.815095261125071
"iso50*","NL_2023","iso_nw",0.874783557548094,0.176997657579156,0.527868148692948,1.22169896640324
"iso50*","NL_2023","iso_nwx",0.922756927290866,0.162933829601389,0.603406621272143,1.24210723330959
"iso50*","NL_2023","iso_diff",-0.0479733697427722,0.129110352301029,-0.30102966025279,0.205082920767245
"iso50*","PT_2023","iso_nw",0.673417862178332,0.0743411817210221,0.527709146005129,0.819126578351536
"iso50*","PT_2023","iso_nwx",0.752201774621386,0.0826027282818563,0.590300427188948,0.914103122053824
"iso50*","PT_2023","iso_diff",-0.0787839124430537,0.0957305350818341,-0.266415761203449,0.108847936317341
"iso50*","SI_2023","iso_nw",0.509265734893522,0.0911310658151735,0.330648845895782,0.687882623891262
"iso50*","SI_2023","iso_nwx",0.688756408820573,0.134885596157409,0.424380640352052,0.953132177289095
"iso50*","SI_2023","iso_diff",-0.179490673927051,0.15833257110041,-0.489822513283854,0.130841165429752
"iso50*","SK_2023","iso_nw",0.473310688993371,0.107578280166877,0.262457259866293,0.684164118120449
"iso50*","SK_2023","iso_nwx",0.494574103255793,0.09937233507147,0.299804326515711,0.689343879995874
"iso50*","SK_2023","iso_diff",-0.0212634142624214,0.135614231300513,-0.287067307611426,0.244540479086583
"iso90","AT_2023","iso_nw",0.760887900129876,0.0228358345231352,0.716129664464531,0.805646135795221
"iso90","AT_2023","iso_nwx",0.886348359078277,0.0407010583688395,0.806574284675351,0.966122433481202
"iso90","AT_2023","iso_diff",-0.1254604589484,0.0370838303659439,-0.19814476646565,-0.0527761514311504
"iso90","BE_2023","iso_nw",0.584211661623447,0.0258313268056373,0.533582261084398,0.634841062162496
"iso90","BE_2023","iso_nwx",0.581107775302028,0.0301988651347604,0.521917999637897,0.640297550966158
"iso90","BE_2023","iso_diff",0.00310388632141902,0.0213865417306881,-0.0388137354707296,0.0450215081135676
"iso90","CY_2023","iso_nw",0.603106337907665,0.0320413104082991,0.540305369507399,0.665907306307931
"iso90","CY_2023","iso_nwx",0.605047227477139,0.0467848602914146,0.513348901305967,0.696745553648312
"iso90","CY_2023","iso_diff",-0.00194088956947434,0.0383843324500618,-0.0771741811715955,0.0732924020326469
"iso90","DE_2023","iso_nw",0.83381917495887,0.0406350598561104,0.754174457640893,0.913463892276846
"iso90","DE_2023","iso_nwx",0.863406004768209,0.0522212787789199,0.761052298361526,0.965759711174892
"iso90","DE_2023","iso_diff",-0.029586829809339,0.0318567623735352,-0.092026084061468,0.0328524244427901
"iso90","EE_2023","iso_nw",0.611807144397875,0.0202575554207945,0.572102335773118,0.651511953022632
"iso90","EE_2023","iso_nwx",0.629227897880488,0.0209091208365444,0.588246021040861,0.670209774720115
"iso90","EE_2023","iso_diff",-0.0174207534826135,0.0125877138077674,-0.0420926725458377,0.00725116558061068
"iso90","ES_2023","iso_nw",0.658774692062074,0.016858694829196,0.62573165019685,0.691817733927298
"iso90","ES_2023","iso_nwx",0.638402729079032,0.0182159393223157,0.602699488007293,0.674105970150771
"iso90","ES_2023","iso_diff",0.0203719629830426,0.0156030833084633,-0.0102100803015454,0.0509540062676306
"iso90","FR_2023","iso_nw",0.726462614197678,0.0307987519643108,0.666097060347629,0.786828168047727
"iso90","FR_2023","iso_nwx",0.745676891014952,0.0411349477566263,0.665052393411965,0.82630138861794
"iso90","FR_2023","iso_diff",-0.0192142768172744,0.015821122376976,-0.0502236766761473,0.0117951230415986
"iso90","GR_2023","iso_nw",0.584898961137614,0.0328570478948183,0.52049914726377,0.649298775011457
"iso90","GR_2023","iso_nwx",0.623662766150558,0.0448701506521247,0.535717270872393,0.711608261428722
"iso90","GR_2023","iso_diff",-0.0387638050129441,0.0367870073507734,-0.11086633942046,0.0333387293945719
"iso90","HR_2023","iso_nw",0.551425933270536,0.0261956440639128,0.500082470905267,0.602769395635805
"iso90","HR_2023","iso_nwx",0.556587210491753,0.0305274087626334,0.496753489316992,0.616420931666515
"iso90","HR_2023","iso_diff",-0.00516127722121691,0.0190407891647629,-0.0424812239841523,0.0321586695417185
"iso90","HU_2023","iso_nw",0.600178036128236,0.0123669761964024,0.575938762783287,0.624417309473185
"iso90","HU_2023","iso_nwx",0.589101540862259,0.0139915462473907,0.561678110217373,0.616524971507144
"iso90","HU_2023","iso_diff",0.0110764952659776,0.00831117812482455,-0.00521341385867856,0.0273664043906337
"iso90","LT_2023","iso_nw",0.465410267460345,0.016148025004635,0.43376013845126,0.497060396469429
"iso90","LT_2023","iso_nwx",0.480293949621198,0.0244052046405787,0.432459748525664,0.528128150716732
"iso90","LT_2023","iso_diff",-0.0148836821608538,0.0173046223356019,-0.0488007419386334,0.0190333776169259
"iso90","LU_2023","iso_nw",0.571654726221279,0.0394861713337613,0.494261830407107,0.649047622035451
"iso90","LU_2023","iso_nwx",0.589796575858915,0.0410629137350286,0.509313264938259,0.670279886779571
"iso90","LU_2023","iso_diff",-0.0181418496376364,0.0285907399118225,-0.0741796998648085,0.0378960005895356
"iso90","LV_2023","iso_nw",0.580432740461905,0.0620357497375552,0.458842670976297,0.702022809947513
"iso90","LV_2023","iso_nwx",0.596860349999125,0.0585541930508913,0.482094131619378,0.711626568378872
"iso90","LV_2023","iso_diff",-0.0164276095372203,0.0313454020921144,-0.0778645976377645,0.045009378563324
"iso90","MT_2023","iso_nw",0.505807013924454,0.0414413430470097,0.424581981552315,0.587032046296593
"iso90","MT_2023","iso_nwx",0.543266130265099,0.0659578931723355,0.413988659647321,0.672543600882877
"iso90","MT_2023","iso_diff",-0.0374591163406451,0.0245311813990448,-0.0855402318827729,0.0106219992014826
"iso90","NL_2023","iso_nw",0.616490558129912,0.022141927209595,0.573092380799106,0.659888735460718
"iso90","NL_2023","iso_nwx",0.617350687901071,0.0189531637913032,0.580202486870116,0.654498888932025
"iso90","NL_2023","iso_diff",-0.000860129771158302,0.0118430899495238,-0.0240725860722249,0.0223523265299083
"iso90","PT_2023","iso_nw",0.65103763930065,0.0203413555062006,0.611168582508497,0.690906696092804
"iso90","PT_2023","iso_nwx",0.64611029787197,0.0171083446658059,0.61257794232699,0.67964265341695
"iso90","PT_2023","iso_diff",0.00492734142868041,0.0126884830769702,-0.0199420854021813,0.0297967682595421
"iso90","SI_2023","iso_nw",0.507484114312145,0.0187004867586398,0.470831160265211,0.544137068359079
"iso90","SI_2023","iso_nwx",0.525394273500146,0.0332309206550246,0.460261669016297,0.590526877983994
"iso90","SI_2023","iso_diff",-0.0179101591880005,0.0284924549141449,-0.0737553708197246,0.0379350524437236
"iso90","SK_2023","iso_nw",0.398527953372777,0.0182282062136455,0.362800669194032,0.434255237551522
"iso90","SK_2023","iso_nwx",0.433733700229179,0.0222018633114281,0.39021804813878,0.477249352319578
"iso90","SK_2023","iso_diff",-0.0352057468564019,0.0147962444174004,-0.0642063859145066,-0.00620510779829719
