"country","scenario","measure","n_implicates","estimate_nw","estimate_nwx","estimate_ratio","se_nw","se_nwx","se_ratio","ratio","ratio_se","ratio_se_delta_SUPERSEDED","ratio_ci_lo","ratio_ci_hi","paradox","paradox_robust","no_paradox_robust"
"AT_2023","baseline_3pct","atkinson05",5,0.423186049278165,0.425872796060527,0.994207930524653,0.0191034335149213,0.0262709732478361,0.0326376488846859,0.994207930524653,0.0326376488846859,0.0759580912023897,0.930238138710669,1.05817772233864,TRUE,FALSE,FALSE
"BE_2023","baseline_3pct","atkinson05",5,0.328994389898795,0.339428487690364,0.969259438066149,0.0225298748989584,0.0257350382782007,0.0160073655964064,0.969259438066149,0.0160073655964064,0.0990265378721452,0.937885001497192,1.00063387463511,TRUE,FALSE,FALSE
"CY_2023","baseline_3pct","atkinson05",5,0.30726717291181,0.325237444004957,0.944811228729587,0.0145829505587518,0.0170258791114989,0.0175988548552488,0.944811228729587,0.0175988548552488,0.0667562212714989,0.910317473213299,0.979304984245874,TRUE,TRUE,FALSE
"DE_2023","baseline_3pct","atkinson05",5,0.43198781385549,0.449729807127018,0.960568910684699,0.0186638114420694,0.0195601031586992,0.0095307049730309,0.960568910684699,0.0095307049730309,0.0588862347875692,0.941888728937559,0.97924909243184,TRUE,TRUE,FALSE
"EE_2023","baseline_3pct","atkinson05",5,0.370933440921204,0.383084503230057,0.968286387567639,0.0234843051715777,0.0241219234971035,0.00563493303718659,0.968286387567639,0.00563493303718659,0.086460782051494,0.957241918814753,0.979330856320525,TRUE,TRUE,FALSE
"ES_2023","baseline_3pct","atkinson05",5,0.38273965498881,0.383733443575404,0.997409046469265,0.0236023463654269,0.0295006265733424,0.029054098067883,0.997409046469265,0.029054098067883,0.0982993847082521,0.940463014256214,1.05435507868232,TRUE,FALSE,FALSE
"FR_2023","baseline_3pct","atkinson05",5,0.404220683594294,0.415383796228792,0.973125786956913,0.0173096039576567,0.018104343050196,0.00657441651474203,0.973125786956913,0.00657441651474203,0.0594591509695912,0.960239930588019,0.986011643325808,TRUE,TRUE,FALSE
"GR_2023","baseline_3pct","atkinson05",5,0.304609693004952,0.339741739876649,0.897967539012018,0.0115623254235923,0.0230341101516442,0.0440186881117067,0.897967539012018,0.0440186881117067,0.0696663210063423,0.811690910313073,0.984244167710963,TRUE,TRUE,FALSE
"HR_2023","baseline_3pct","atkinson05",5,0.246086567367481,0.264555174907097,0.930191833941869,0.0130882290621185,0.014777773854922,0.0160832581070692,0.930191833941869,0.0160832581070692,0.071744822741657,0.898668648052013,0.961715019831724,TRUE,TRUE,FALSE
"HU_2023","baseline_3pct","atkinson05",5,0.285713622014749,0.293694986896405,0.972825261824826,0.00742246710297098,0.00817602731389306,0.0063851036384608,0.972825261824826,0.0063851036384608,0.0370424437978267,0.960310458693443,0.98534006495621,TRUE,TRUE,FALSE
"LT_2023","baseline_3pct","atkinson05",5,0.315905983636608,0.345069478385767,0.915501907710357,0.0558858361314871,0.0625052478815574,0.0125493088639887,0.915501907710357,0.0125493088639887,0.231794903443656,0.890905262336939,0.940098553083775,TRUE,TRUE,FALSE
"LU_2023","baseline_3pct","atkinson05",5,0.339082482637648,0.350512011971144,0.967411507227418,0.0208335109407183,0.0237885513471632,0.0163043096830734,0.967411507227418,0.0163043096830734,0.0885628266411715,0.935455060248594,0.999367954206242,TRUE,TRUE,FALSE
"LV_2023","baseline_3pct","atkinson05",5,0.406331121490444,0.412782615603426,0.984428415474425,0.0516847107671192,0.0545818289739972,0.0124970593137077,0.984428415474425,0.0124970593137077,0.180609805705865,0.959934179219558,1.00892265172929,TRUE,FALSE,FALSE
"MT_2023","baseline_3pct","atkinson05",5,0.250925456060367,0.256724125545946,0.977412837717346,0.0402272024402342,0.032111250146463,0.0393635974782805,0.977412837717346,0.0393635974782805,0.198744852575503,0.900260186659917,1.05456548877478,TRUE,FALSE,FALSE
"NL_2023","baseline_3pct","atkinson05",5,0.354767672398782,0.353080545158887,1.00479333090388,0.00985491661514092,0.0102349787179974,0.00681069699978494,1.00479333090388,0.00681069699978494,0.0403406906306697,0.991444364784306,1.01814229702346,FALSE,FALSE,FALSE
"PT_2023","baseline_3pct","atkinson05",5,0.36164570318288,0.367669949034385,0.983645174709459,0.0107289831468639,0.012102304843101,0.00856664498513094,0.983645174709459,0.00856664498513094,0.0435866351977405,0.966854550538602,1.00043579888032,TRUE,FALSE,FALSE
"SI_2023","baseline_3pct","atkinson05",5,0.28811021967359,0.329110546886907,0.875792976624357,0.0249098732166864,0.0314068264683182,0.0173188225491153,0.875792976624357,0.0173188225491153,0.112728990069576,0.841848084428091,0.909737868820623,TRUE,TRUE,FALSE
"SK_2023","baseline_3pct","atkinson05",5,0.19730827558033,0.230525958035157,0.85597087608829,0.011239570480954,0.0136789059738518,0.0185390507069905,0.85597087608829,0.0185390507069905,0.0704026945870405,0.819634336702588,0.892307415473991,TRUE,TRUE,FALSE
"AT_2023","gradient","atkinson05",5,0.423186049278165,0.404684771248197,1.04621662634619,0.0191034335149213,0.0251806771325391,0.0271602238807247,1.04621662634619,0.0271602238807247,0.0803876643385522,0.992982587539971,1.09945066515241,FALSE,FALSE,FALSE
"BE_2023","gradient","atkinson05",5,0.328994389898795,0.325551788495891,1.01058202368224,0.0225298748989584,0.0251072711033098,0.0183620888303848,1.01058202368224,0.0183620888303848,0.104228839505284,0.974592329574681,1.04657171778979,FALSE,FALSE,FALSE
"CY_2023","gradient","atkinson05",5,0.30726717291181,0.295161496790804,1.04110928536529,0.0145829505587518,0.0164124336760626,0.0228266047246792,1.04110928536529,0.0228266047246792,0.0761035525270728,0.996369140104917,1.08584943062566,FALSE,FALSE,FALSE
"DE_2023","gradient","atkinson05",5,0.43198781385549,0.434087310100523,0.99517122726267,0.0186638114420694,0.0181395359754582,0.0119378176248892,0.99517122726267,0.0119378176248892,0.0598162297796987,0.971773104717887,1.01856934980745,TRUE,FALSE,FALSE
"EE_2023","gradient","atkinson05",5,0.370933440921204,0.374295392638357,0.991031978394744,0.0234843051715777,0.0227180499929393,0.010549988305982,0.991031978394744,0.010549988305982,0.0869178358621616,0.970354001315019,1.01170995547447,TRUE,FALSE,FALSE
"ES_2023","gradient","atkinson05",5,0.38273965498881,0.359752113697283,1.06390122393233,0.0236023463654269,0.0292200760028224,0.0277056010237843,1.06390122393233,0.0277056010237843,0.108496468275021,1.00959824592571,1.11820420193894,FALSE,FALSE,TRUE
"FR_2023","gradient","atkinson05",5,0.404220683594294,0.39003862831529,1.03636064289391,0.0173096039576567,0.0182548984446762,0.00815838041851448,1.03636064289391,0.00815838041851448,0.0657434990226325,1.02037021727362,1.0523510685142,FALSE,FALSE,TRUE
"GR_2023","gradient","atkinson05",5,0.304609693004952,0.314176503434402,0.969798606698327,0.0115623254235923,0.0157091312438822,0.023353513220809,0.969798606698327,0.023353513220809,0.0608649743335174,0.924025720785541,1.01557149261111,TRUE,FALSE,FALSE
"HR_2023","gradient","atkinson05",5,0.246086567367481,0.249941656978677,0.984576844847429,0.0130882290621185,0.0142182978476271,0.0170081987195136,0.984576844847429,0.0170081987195136,0.076675429762166,0.951240775357182,1.01791291433768,TRUE,FALSE,FALSE
"HU_2023","gradient","atkinson05",5,0.285713622014749,0.287520217820706,0.993716816588801,0.00742246710297098,0.00807278149830865,0.0058260800145231,0.993716816588801,0.0058260800145231,0.0380117776534517,0.982297699760336,1.00513593341727,TRUE,FALSE,FALSE
"LT_2023","gradient","atkinson05",5,0.315905983636608,0.330308967806493,0.956457835539418,0.0558858361314871,0.0618476551450201,0.0153624286623118,0.956457835539418,0.0153624286623118,0.246363130990925,0.926347475361287,0.986568195717549,TRUE,TRUE,FALSE
"LU_2023","gradient","atkinson05",5,0.339082482637648,0.332651545213313,1.01934153652919,0.0208335109407183,0.023100110023478,0.0169084988716335,1.01934153652919,0.0169084988716335,0.0945137045526287,0.986200878740786,1.05248219431759,FALSE,FALSE,FALSE
"LV_2023","gradient","atkinson05",5,0.406331121490444,0.407932087926443,0.996110630526298,0.0516847107671192,0.0549051628445937,0.0143376021802851,0.996110630526298,0.0143376021802851,0.184462226355879,0.968008930252939,1.02421233079966,TRUE,FALSE,FALSE
"MT_2023","gradient","atkinson05",5,0.250925456060367,0.247346593025098,1.01446902094546,0.0402272024402342,0.0344896207773957,0.0246120991952482,1.01446902094546,0.0246120991952482,0.215545633453998,0.966229306522777,1.06270873536815,FALSE,FALSE,FALSE
"NL_2023","gradient","atkinson05",5,0.354767672398782,0.350983370889767,1.01080088542273,0.00985491661514092,0.0101969286730166,0.0077705340415501,1.01080088542273,0.0077705340415501,0.0406290441595283,0.995570638701288,1.02603113214416,FALSE,FALSE,FALSE
"PT_2023","gradient","atkinson05",5,0.36164570318288,0.35333904407221,1.02356448050698,0.0107289831468639,0.0117414195620366,0.0136776630961139,1.02356448050698,0.0136776630961139,0.045593432249024,0.9967562608386,1.05037270017537,FALSE,FALSE,FALSE
"SI_2023","gradient","atkinson05",5,0.28811021967359,0.30425560983657,0.947529832272952,0.0249098732166864,0.0297426447960306,0.0177433902233323,0.947529832272952,0.0177433902233323,0.123579082360941,0.91275278743522,0.982306877110683,TRUE,TRUE,FALSE
"SK_2023","gradient","atkinson05",5,0.19730827558033,0.210862316000526,0.935766230084268,0.011239570480954,0.0124399750241864,0.0163722071329383,0.935766230084268,0.0163722071329383,0.0767373953247452,0.903676704103709,0.967855756064827,TRUE,TRUE,FALSE
"AT_2023","baseline_3pct","atkinson1",5,0.747471688509954,0.74277115681332,1.00638130051084,0.011968192590726,0.0159202935900365,0.0128617079080616,1.00638130051084,0.0128617079080616,0.0269232133037064,0.98117235301104,1.03159024801064,FALSE,FALSE,FALSE
"BE_2023","baseline_3pct","atkinson1",5,0.658107120270895,0.660884749102399,0.995795986911685,0.0219248783516105,0.0229953047652475,0.0102906243368932,0.995795986911685,0.0102906243368932,0.0479697936433175,0.975626363211375,1.015965610612,TRUE,FALSE,FALSE
"CY_2023","baseline_3pct","atkinson1",5,0.638041658642446,0.662802547034717,0.962638283909396,0.022792285182038,0.0233761349823408,0.0109275649197871,0.962638283909396,0.0109275649197871,0.0483238228495338,0.941220256666613,0.984056311152179,TRUE,TRUE,FALSE
"DE_2023","baseline_3pct","atkinson1",5,0.77472430400646,0.784464706690341,0.987586761316592,0.0153366068190601,0.0151136993185051,0.00519559259093564,0.987586761316592,0.00519559259093564,0.0272808841210198,0.977403399838358,0.997770122794826,TRUE,TRUE,FALSE
"EE_2023","baseline_3pct","atkinson1",5,0.643975642404763,0.654385855283312,0.984093516387965,0.0208756883472213,0.0211426633122786,0.00447944819033653,0.984093516387965,0.00447944819033653,0.0450402005329001,0.975313797934906,0.992873234841025,TRUE,TRUE,FALSE
"ES_2023","baseline_3pct","atkinson1",5,0.668878553337739,0.665080131117058,1.00571163723926,0.0170002212490671,0.0201668261337272,0.0127985028825813,1.00571163723926,0.0127985028825813,0.0397913726584696,0.980626571589401,1.03079670288912,FALSE,FALSE,FALSE
"FR_2023","baseline_3pct","atkinson1",5,0.721151882429161,0.725185859298221,0.994437320009295,0.0199322386304484,0.0201085509914056,0.00403449835654467,0.994437320009295,0.00403449835654467,0.0389335439171985,0.986529703230468,1.00234493678812,TRUE,FALSE,FALSE
"GR_2023","baseline_3pct","atkinson1",5,0.616252174229776,0.66102827552551,0.932858193359845,0.0159946204144882,0.0276557142259975,0.0298575802562589,0.932858193359845,0.0298575802562589,0.0458992929087657,0.874337336057578,0.991379050662113,TRUE,TRUE,FALSE
"HR_2023","baseline_3pct","atkinson1",5,0.496619142064167,0.533698433900647,0.930520206937518,0.0207141885829297,0.0219188043229132,0.013641889673313,0.930520206937518,0.013641889673313,0.0544692314079917,0.903782103177825,0.957258310697212,TRUE,TRUE,FALSE
"HU_2023","baseline_3pct","atkinson1",5,0.539831870858461,0.553088648816421,0.976032844394666,0.0100289116021582,0.0105525571138681,0.006330407792261,0.976032844394666,0.006330407792261,0.0259917138119732,0.963625245121834,0.988440443667497,TRUE,TRUE,FALSE
"LT_2023","baseline_3pct","atkinson1",5,0.510925996355707,0.554377874959481,0.921603987962965,0.0535784237377892,0.057169128702538,0.0109824170074094,0.921603987962965,0.0109824170074094,0.135547462688923,0.900078450628442,0.943129525297487,TRUE,TRUE,FALSE
"LU_2023","baseline_3pct","atkinson1",5,0.650904090738167,0.659524561335882,0.986944829350313,0.0248476666415447,0.0265040226253835,0.00971249057811781,0.986944829350313,0.00971249057811781,0.0547031318492829,0.967908347817202,1.00598131088342,TRUE,FALSE,FALSE
"LV_2023","baseline_3pct","atkinson1",5,0.691353967666902,0.692250641867968,0.998719715410945,0.0506629003933029,0.053541586278678,0.0116061066997539,0.998719715410945,0.0116061066997539,0.10640864132817,0.975971746279427,1.02146768454246,TRUE,FALSE,FALSE
"MT_2023","baseline_3pct","atkinson1",5,0.554163533122381,0.556520217516121,0.995765321151749,0.0778819546556181,0.0627983669332952,0.031090732326089,0.995765321151749,0.031090732326089,0.179471376367335,0.934827485792614,1.05670315651088,TRUE,FALSE,FALSE
"NL_2023","baseline_3pct","atkinson1",5,0.694692686397486,0.693002728099161,1.00244223984524,0.0117467416587145,0.0120903530050426,0.00315026465350967,1.00244223984524,0.00315026465350967,0.0243552883284036,0.996267721124365,1.00861675856612,FALSE,FALSE,FALSE
"PT_2023","baseline_3pct","atkinson1",5,0.687285172822164,0.694723730870667,0.989298612939143,0.00960433178053915,0.0103196795645287,0.00438825639455796,0.989298612939143,0.00438825639455796,0.0201760754318881,0.980697630405809,0.997899595472477,TRUE,TRUE,FALSE
"SI_2023","baseline_3pct","atkinson1",5,0.576799850128372,0.634844244909343,0.908642825296098,0.0234167021901067,0.0272241073884352,0.0104322813805466,0.908642825296098,0.0104322813805466,0.0536527512691089,0.888195553790227,0.92909009680197,TRUE,TRUE,FALSE
"SK_2023","baseline_3pct","atkinson1",5,0.402501032312691,0.466853535796128,0.862205719327223,0.0184410316500263,0.0210192590871612,0.018561218657134,0.862205719327223,0.018561218657134,0.0553811427098948,0.825825730759241,0.898585707895206,TRUE,TRUE,FALSE
"AT_2023","gradient","atkinson1",5,0.747471688509954,0.720244655798559,1.03785420239466,0.011968192590726,0.0157823666382555,0.0108386242888048,1.03785420239466,0.0108386242888048,0.0281649775940138,1.0166104987886,1.05909790600072,FALSE,FALSE,TRUE
"BE_2023","gradient","atkinson1",5,0.658107120270895,0.644342371597862,1.02136999167104,0.0219248783516105,0.0229580446563116,0.011165288903932,1.02136999167104,0.011165288903932,0.0498211787139292,0.999486025419333,1.04325395792275,FALSE,FALSE,FALSE
"CY_2023","gradient","atkinson1",5,0.638041658642446,0.621917307295628,1.02592896070908,0.022792285182038,0.0238764657793685,0.0121373801555659,1.02592896070908,0.0121373801555659,0.0538000802143748,1.00213969560417,1.04971822581399,FALSE,FALSE,TRUE
"DE_2023","gradient","atkinson1",5,0.77472430400646,0.7684974122239,1.00810450119862,0.0153366068190601,0.014711658368997,0.00580486481239934,1.00810450119862,0.00580486481239934,0.0277614720121347,0.99672696616632,1.01948203623093,FALSE,FALSE,FALSE
"EE_2023","gradient","atkinson1",5,0.643975642404763,0.645340671100009,0.997889372119887,0.0208756883472213,0.0205988762720878,0.0060590202663829,0.997889372119887,0.0060590202663829,0.0453977470434362,0.986013692397776,1.009765051842,TRUE,FALSE,FALSE
"ES_2023","gradient","atkinson1",5,0.668878553337739,0.635917175193679,1.05183401714068,0.0170002212490671,0.0208029561988248,0.012392918163206,1.05183401714068,0.012392918163206,0.0435734875576896,1.0275438975408,1.07612413674056,FALSE,FALSE,TRUE
"FR_2023","gradient","atkinson1",5,0.721151882429161,0.698417292819167,1.03255158462389,0.0199322386304484,0.0211033605885837,0.00496764724347423,1.03255158462389,0.00496764724347423,0.0422835134608544,1.02281499602668,1.0422881732211,FALSE,FALSE,TRUE
"GR_2023","gradient","atkinson1",5,0.616252174229776,0.621872543540234,0.991036371925082,0.0159946204144882,0.0185048986962569,0.0129552488354337,0.991036371925082,0.0129552488354337,0.039128681958853,0.965644084207632,1.01642865964253,TRUE,FALSE,FALSE
"HR_2023","gradient","atkinson1",5,0.496619142064167,0.503610576042553,0.986114162560519,0.0207141885829297,0.0213742181073082,0.0117626020879389,0.986114162560519,0.0117626020879389,0.0586808456086287,0.963059462468159,1.00916886265288,TRUE,FALSE,FALSE
"HU_2023","gradient","atkinson1",5,0.539831870858461,0.541271448128063,0.997340761253229,0.0100289116021582,0.0103722812524972,0.0049956669204404,0.997340761253229,0.0049956669204404,0.026618891024578,0.987549254089166,1.00713226841729,TRUE,FALSE,FALSE
"LT_2023","gradient","atkinson1",5,0.510925996355707,0.529398483713746,0.965121333246212,0.0535784237377892,0.0590054155762195,0.0111710584492358,0.965121333246212,0.0111710584492358,0.14769444648168,0.94322605868571,0.987016607806714,TRUE,TRUE,FALSE
"LU_2023","gradient","atkinson1",5,0.650904090738167,0.639239955411209,1.01825796837204,0.0248476666415447,0.0267163671081842,0.00919475801885769,1.01825796837204,0.00919475801885769,0.0576366900191165,1.00023624265508,1.036279694089,FALSE,FALSE,TRUE
"LV_2023","gradient","atkinson1",5,0.691353967666902,0.686041865281031,1.0077573721126,0.0506629003933029,0.0537357448561301,0.012081242693997,1.0077573721126,0.012081242693997,0.108092897326849,0.984078136432362,1.03143660779283,FALSE,FALSE,FALSE
"MT_2023","gradient","atkinson1",5,0.554163533122381,0.554545343315445,0.999311489677686,0.0778819546556181,0.0725478125751726,0.0111724169922232,0.999311489677686,0.0111724169922232,0.191873796942972,0.977413552372928,1.02120942698244,TRUE,FALSE,FALSE
"NL_2023","gradient","atkinson1",5,0.694692686397486,0.691919770653148,1.00401150741013,0.0117467416587145,0.0120218265928503,0.00360766543095217,1.00401150741013,0.00360766543095217,0.0243417443628858,0.996940483165465,1.0110825316548,FALSE,FALSE,FALSE
"PT_2023","gradient","atkinson1",5,0.687285172822164,0.677521928697948,1.01442309324403,0.00960433178053915,0.0106366500871717,0.00598894273018404,1.01442309324403,0.00598894273018404,0.0213207355146137,1.00268476549287,1.02616142099519,FALSE,FALSE,TRUE
"SI_2023","gradient","atkinson1",5,0.576799850128372,0.594851637795774,0.969783896882149,0.0234167021901067,0.0266916142627715,0.0103095763105849,0.969783896882149,0.0103095763105849,0.0586746616793849,0.949577127313403,0.989990666450896,TRUE,TRUE,FALSE
"SK_2023","gradient","atkinson1",5,0.402501032312691,0.423178896248546,0.951174371455039,0.0184410316500263,0.0193684177623012,0.0152632115164077,0.951174371455039,0.0152632115164077,0.0615959686164127,0.92125847688288,0.981090266027198,TRUE,TRUE,FALSE
"AT_2023","baseline_3pct","atkinson2",5,0.990627978916075,0.984398817473478,1.00632836703399,0.00392418386302026,0.00386480113551291,0.00416679816307425,1.00632836703399,0.00416679816307425,0.00561255481404047,0.998161442634368,1.01449529143362,FALSE,FALSE,FALSE
"BE_2023","baseline_3pct","atkinson2",5,0.994678908435481,0.990710825747459,1.00400533734429,0.00568698956652427,0.00810187975811964,0.00734035923736358,1.00400533734429,0.00734035923736358,0.0100182401133545,0.989618233239058,1.01839244144952,FALSE,FALSE,FALSE
"CY_2023","baseline_3pct","atkinson2",5,0.991211220080988,0.991413947265258,0.99979405477979,0.0116846444454818,0.0114303540095597,0.000479304692751268,0.99979405477979,0.000479304692751268,0.0164856736822003,0.998854617581997,1.00073349197758,TRUE,FALSE,FALSE
"DE_2023","baseline_3pct","atkinson2",5,0.994411909416684,0.99395570369531,1.00045921257642,0.00241128078121235,0.00275519840794079,0.000440897013821995,1.00045921257642,0.000440897013821995,0.00368455991242883,0.999595054429331,1.00132337072351,FALSE,FALSE,FALSE
"EE_2023","baseline_3pct","atkinson2",5,0.994899420024385,0.994775465916541,1.00012460552524,0.00346138134355406,0.00378345973139411,0.000488256509348339,1.00012460552524,0.000488256509348339,0.00515521752374002,0.999167622766919,1.00108158828356,FALSE,FALSE,FALSE
"ES_2023","baseline_3pct","atkinson2",5,0.993737376782946,0.991515233933158,1.00224117093051,0.00210100254421851,0.0025032325820294,0.0016472405695565,1.00224117093051,0.0016472405695565,0.0033003880067333,0.999012579414177,1.00546976244684,FALSE,FALSE,FALSE
"FR_2023","baseline_3pct","atkinson2",5,0.994341642904182,0.994128863879763,1.0002140356569,0.00630945954497198,0.00658736493028267,0.000481108037935732,1.0002140356569,0.000481108037935732,0.00917644343640287,0.999271063902542,1.00115700741125,FALSE,FALSE,FALSE
"GR_2023","baseline_3pct","atkinson2",5,0.99784337827472,0.997949405448244,0.999893769709009,0.00283622015512268,0.00275636537325962,0.000264480929420615,0.999893769709009,0.000264480929420615,0.00396288042796156,0.999375387087345,1.00041215233067,TRUE,FALSE,FALSE
"HR_2023","baseline_3pct","atkinson2",5,0.997584744595285,0.997719652449263,0.999864783805741,0.0129746880930616,0.0112438977302435,0.00189083591444177,0.999864783805741,0.00189083591444177,0.0172070445445608,0.996158745413436,1.00357082219805,TRUE,FALSE,FALSE
"HU_2023","baseline_3pct","atkinson2",5,0.989451725611648,0.989823781755033,0.999624124106517,0.00944180733511616,0.00889418107308624,0.00103672836675139,0.999624124106517,0.00103672836675139,0.0131023229854143,0.997592136507685,1.00165611170535,TRUE,FALSE,FALSE
"LT_2023","baseline_3pct","atkinson2",5,0.989502406505697,0.990303898184011,0.999190665314296,0.00213328673535415,0.00207561520583295,0.000277125666510228,0.999190665314296,0.000277125666510228,0.00300438205175981,0.998647499007936,0.999733831620656,TRUE,TRUE,FALSE
"LU_2023","baseline_3pct","atkinson2",5,0.999714300403361,0.999704373895327,1.00000992955824,0.00552424943995605,0.00572420651472598,0.000320457692639513,1.00000992955824,0.000320457692639513,0.00795750944209405,0.999381832480671,1.00063802663582,FALSE,FALSE,FALSE
"LV_2023","baseline_3pct","atkinson2",5,0.997689901351381,0.997688354505669,1.00000155015191,0.00536067228113219,0.00569135499155194,0.000639164013167777,1.00000155015191,0.000639164013167777,0.00783658260276541,0.998748788686106,1.00125431161772,FALSE,FALSE,FALSE
"MT_2023","baseline_3pct","atkinson2",5,0.982441018295137,0.982306614210866,1.00013682498145,0.0158244089699697,0.0156915117803764,0.000138126297377001,1.00013682498145,0.000138126297377001,0.0226882633957545,0.999866097438595,1.00040755252431,FALSE,FALSE,FALSE
"NL_2023","baseline_3pct","atkinson2",5,0.995042138647129,0.994998300125483,1.00004406379263,0.00421949711684753,0.00427074196968839,8.05223961125647e-05,1.00004406379263,8.05223961125647e-05,0.00603392874007694,0.999886239896252,1.00020188768901,FALSE,FALSE,FALSE
"PT_2023","baseline_3pct","atkinson2",5,0.996449258016445,0.996245740428944,1.00020429201255,0.000884221795510168,0.00101183461731935,0.000360448722912479,1.00020429201255,0.000360448722912479,0.00134896757629682,0.999497812515637,1.00091077150945,FALSE,FALSE,FALSE
"SI_2023","baseline_3pct","atkinson2",5,0.990749412254717,0.99221076686055,0.998526631282541,0.0033598586428491,0.0028178771427749,0.00062548895218818,0.998526631282541,0.00062548895218818,0.00441683563940046,0.997300672936252,0.99975258962883,TRUE,TRUE,FALSE
"SK_2023","baseline_3pct","atkinson2",5,0.977538514678641,0.979236828130436,0.998265710687583,0.0282305582707324,0.0242365340836939,0.00733613510637234,0.998265710687583,0.00733613510637234,0.0379681489793795,0.983886885879093,1.01264453549607,TRUE,FALSE,FALSE
"AT_2023","gradient","atkinson2",5,0.990627978916075,0.981732686943196,1.00906100108491,0.00392418386302026,0.00418216406551722,0.00422987724653792,1.00906100108491,0.00422987724653792,0.00586987442656558,1.0007704416817,1.01735156048813,FALSE,FALSE,TRUE
"BE_2023","gradient","atkinson2",5,0.994678908435481,0.990004390345516,1.00472174808011,0.00568698956652427,0.00897865836682895,0.00805030146700086,1.00472174808011,0.00805030146700086,0.0107716860766782,0.988943157204789,1.02050033895543,FALSE,FALSE,FALSE
"CY_2023","gradient","atkinson2",5,0.991211220080988,0.989942261902151,1.00129188741667,0.0116846444454818,0.0133804031350352,0.00179364299177372,1.00129188741667,0.00179364299177372,0.017957717007244,0.997776347152799,1.00480742768055,FALSE,FALSE,FALSE
"DE_2023","gradient","atkinson2",5,0.994411909416684,0.993628688559364,1.00078860044508,0.00241128078121235,0.00292962030888449,0.00060094552812488,1.00078860044508,0.00060094552812488,0.00382045590169677,0.999610747209959,1.00196645368021,FALSE,FALSE,FALSE
"EE_2023","gradient","atkinson2",5,0.994899420024385,0.994589476261116,1.00031163012963,0.00346138134355406,0.00390237767652892,0.000579227301787507,1.00031163012963,0.000579227301787507,0.00524558416730402,0.999176344618122,1.00144691564113,FALSE,FALSE,FALSE
"ES_2023","gradient","atkinson2",5,0.993737376782946,0.990570649889738,1.0031968738747,0.00210100254421851,0.00280320096292445,0.00182106962745325,1.0031968738747,0.00182106962745325,0.00354375277011507,0.999627577404896,1.00676617034451,FALSE,FALSE,FALSE
"FR_2023","gradient","atkinson2",5,0.994341642904182,0.993495908563569,1.00085127108559,0.00630945954497198,0.00736678460678103,0.00117667136034073,1.00085127108559,0.00117667136034073,0.00976771636435043,0.998544995219323,1.00315754695186,FALSE,FALSE,FALSE
"GR_2023","gradient","atkinson2",5,0.99784337827472,0.997582871395066,1.00026113900255,0.00283622015512268,0.00320287430803496,0.00039136066015021,1.00026113900255,0.00039136066015021,0.00428914141548735,0.999494072108654,1.00102820589644,FALSE,FALSE,FALSE
"HR_2023","gradient","atkinson2",5,0.997584744595285,0.997388177933386,1.00019708143205,0.0129746880930616,0.0134389549624734,0.000612339997686192,1.00019708143205,0.000612339997686192,0.018730978523619,0.998996895036586,1.00139726782752,FALSE,FALSE,FALSE
"HU_2023","gradient","atkinson2",5,0.989451725611648,0.988716293750437,1.00074382515993,0.00944180733511616,0.0102614084401901,0.00104976661210885,1.00074382515993,0.00104976661210885,0.0141091472551364,0.998686282600193,1.00280136771966,FALSE,FALSE,FALSE
"LT_2023","gradient","atkinson2",5,0.989502406505697,0.989450484346537,1.00005248324733,0.00213328673535415,0.00223067736602253,0.00023733825542798,1.00005248324733,0.00023733825542798,0.0031195513040986,0.999587300266686,1.00051766622796,FALSE,FALSE,FALSE
"LU_2023","gradient","atkinson2",5,0.999714300403361,0.999687333319741,1.00002697586338,0.00552424943995605,0.00604832658632653,0.000571793324006701,1.00002697586338,0.000571793324006701,0.00819411621706394,0.998906260948331,1.00114769077844,FALSE,FALSE,FALSE
"LV_2023","gradient","atkinson2",5,0.997689901351381,0.997603046303906,1.00008706415197,0.00536067228113219,0.00588044862843612,0.000719594494052473,1.00008706415197,0.000719594494052473,0.00797666359268961,0.998676658943627,1.00149746936031,FALSE,FALSE,FALSE
"MT_2023","gradient","atkinson2",5,0.982441018295137,0.997238229607021,0.985161809011559,0.0158244089699697,0.0102185300099334,0.00583570974909764,0.985161809011559,0.00583570974909764,0.0188070602378185,0.973723817903327,0.99659980011979,TRUE,TRUE,FALSE
"NL_2023","gradient","atkinson2",5,0.995042138647129,0.99491701116773,1.00012577174672,0.00421949711684753,0.00423495650741026,0.000143514055560566,1.00012577174672,0.000143514055560566,0.00600913315674472,0.999844484197826,1.00040705929562,FALSE,FALSE,FALSE
"PT_2023","gradient","atkinson2",5,0.996449258016445,0.995952451800917,1.00049884176083,0.000884221795510168,0.00107252357993473,0.000406531924907445,1.00049884176083,0.000406531924907445,0.00139608334642465,0.999702039188008,1.00129564433364,FALSE,FALSE,FALSE
"SI_2023","gradient","atkinson2",5,0.990749412254717,0.990004060077508,1.0007530207713,0.0033598586428491,0.00354218597386279,0.00035631743870836,1.0007530207713,0.00035631743870836,0.00493343465958556,1.00005463859144,1.00145140295117,FALSE,FALSE,TRUE
"SK_2023","gradient","atkinson2",5,0.977538514678641,0.974814802375038,1.0027941296714,0.0282305582707324,0.0333627178581852,0.00858916376435808,1.0027941296714,0.00858916376435808,0.0449061232177957,0.98595936869326,1.01962889064954,FALSE,FALSE,FALSE
"AT_2023","baseline_3pct","cv",5,2.37374299017505,-150.528499596731,-0.0384435083161929,0.615480709490144,1637.12558578902,0.055446253352383,-0.0384435083161929,0.055446253352383,0.171554301377001,-0.147118164886864,0.0702311482544778,TRUE,TRUE,FALSE
"BE_2023","baseline_3pct","cv",5,1.79371225497678,2.44837487318763,0.732614392578498,0.319307269990174,0.708256495832535,0.128467170861067,0.732614392578498,0.128467170861067,0.248840593175146,0.480818737690807,0.984410047466189,TRUE,TRUE,FALSE
"CY_2023","baseline_3pct","cv",5,1.51200702222615,2.09504278014611,0.721571491124364,0.120100877213985,0.180846169814547,0.0432135980605251,0.721571491124364,0.0432135980605251,0.0846604610189864,0.636872838925734,0.806270143322993,TRUE,TRUE,FALSE
"DE_2023","baseline_3pct","cv",5,2.07871528858129,3.9956876509174,0.520690463971077,0.142572591460391,0.565145707935542,0.110525499920257,0.520690463971077,0.110525499920257,0.081777186309128,0.304060484127373,0.737320443814781,TRUE,TRUE,FALSE
"EE_2023","baseline_3pct","cv",5,3.12425427703479,3.44221855736348,0.907627998935566,0.478203870043371,0.492097401802088,0.0266534354856069,0.907627998935566,0.0266534354856069,0.190094000887649,0.855387265383776,0.959868732487355,TRUE,TRUE,FALSE
"ES_2023","baseline_3pct","cv",5,4.92024659712279,9.78828732378495,0.502724778422653,0.963689591448787,1.97731505366467,0.0860653013868574,0.502724778422653,0.0860653013868574,0.141435531674996,0.334036787704412,0.671412769140893,TRUE,TRUE,FALSE
"FR_2023","baseline_3pct","cv",5,2.75862526929077,9.56638582464482,0.288366507462414,0.425404389365498,3.27258394309372,0.125961165985992,0.288366507462414,0.125961165985992,0.108207507182376,0.0414826221298697,0.535250392794958,TRUE,TRUE,FALSE
"GR_2023","baseline_3pct","cv",5,1.55922319082321,9.19070461111313,0.382860548469739,0.136459012941475,56.6374713177747,0.249456590636228,0.382860548469739,0.249456590636228,1.04558252433161,-0.106074369177268,0.871795466116746,TRUE,TRUE,FALSE
"HR_2023","baseline_3pct","cv",5,1.35008219529306,1.68169471924997,0.802811525420788,0.107730321866037,0.134014229070258,0.021575786667716,0.802811525420788,0.021575786667716,0.0905355171462012,0.760522983552065,0.845100067289511,TRUE,TRUE,FALSE
"HU_2023","baseline_3pct","cv",5,1.77851874731252,2.14970498805167,0.827331547388035,0.0910103517364385,0.119578947410838,0.0267928950709858,0.827331547388035,0.0267928950709858,0.062532238172879,0.774817473048903,0.879845621727167,TRUE,TRUE,FALSE
"LT_2023","baseline_3pct","cv",5,3.61281867349581,4.55738818482512,0.792624024418339,0.832702091956843,0.992072068953373,0.028545850499593,0.792624024418339,0.028545850499593,0.25132448676905,0.736674157439137,0.848573891397541,TRUE,TRUE,FALSE
"LU_2023","baseline_3pct","cv",5,2.0274125694751,3.56537372369503,0.569756382015981,0.334531578693134,0.812816866230636,0.106456386842288,0.569756382015981,0.106456386842288,0.160028435902321,0.361101863805097,0.778410900226865,TRUE,TRUE,FALSE
"LV_2023","baseline_3pct","cv",5,2.76062731826376,2.99120013440908,0.922939730441301,0.330606364691243,0.344900430212989,0.0213155057364866,0.922939730441301,0.0213155057364866,0.153429541062391,0.881161339197787,0.964718121684814,TRUE,TRUE,FALSE
"MT_2023","baseline_3pct","cv",5,1.10086925305979,1.51848762792332,0.724977426760687,0.0753044183084152,0.144468571638268,0.0214264775868523,0.724977426760687,0.0214264775868523,0.0849516205321436,0.682981530690457,0.766973322830918,TRUE,TRUE,FALSE
"NL_2023","baseline_3pct","cv",5,1.728902222473,1.95113446286278,0.895469435382727,0.104096808089936,0.320782970339963,0.11537588722502,0.895469435382727,0.11537588722502,0.155144498902734,0.669332696421688,1.12160617434377,TRUE,FALSE,FALSE
"PT_2023","baseline_3pct","cv",5,2.26894258151917,3.05256311731477,0.744530752378067,0.199638218517652,0.326519929374516,0.0692769171120469,0.744530752378067,0.0692769171120469,0.102949043212555,0.608747994838455,0.880313509917679,TRUE,TRUE,FALSE
"SI_2023","baseline_3pct","cv",5,1.94670192408606,9.16751008530113,0.219298332881422,0.30174182666044,3.95948669594514,0.0736127926820376,0.219298332881422,0.0736127926820376,0.0974412810727454,0.075017259224628,0.363579406538216,TRUE,TRUE,FALSE
"SK_2023","baseline_3pct","cv",5,1.36463578165224,2.08328716267684,0.65504454027606,0.145642892757035,0.204190875091157,0.0345104814165899,0.65504454027606,0.0345104814165899,0.0949180850117153,0.587403996699544,0.722685083852577,TRUE,TRUE,FALSE
"AT_2023","gradient","cv",5,2.37374299017505,3.34572652526368,0.732703583901368,0.615480709490144,1.26392232861792,0.19818211990652,0.732703583901368,0.19818211990652,0.325081652993612,0.344266628884588,1.12114053891815,TRUE,FALSE,FALSE
"BE_2023","gradient","cv",5,1.79371225497678,1.98754004296928,0.902480649379938,0.319307269990174,0.391770770344131,0.0253116960875243,0.902480649379938,0.0253116960875243,0.239697604259179,0.852869725048391,0.952091573711486,TRUE,TRUE,FALSE
"CY_2023","gradient","cv",5,1.51200702222615,1.59801640273991,0.947085841051378,0.120100877213985,0.162043533021757,0.0503993763514249,0.947085841051378,0.0503993763514249,0.121876702111201,0.848303063402586,1.04586861870017,TRUE,FALSE,FALSE
"DE_2023","gradient","cv",5,2.07871528858129,2.26532539791274,0.917637115139351,0.142572591460391,0.145052519897588,0.0207599659312086,0.917637115139351,0.0207599659312086,0.0861012898841546,0.876947581914182,0.95832664836452,TRUE,TRUE,FALSE
"EE_2023","gradient","cv",5,3.12425427703479,3.13024887874665,0.998113453833318,0.478203870043371,0.435898794395624,0.0452962540997554,0.998113453833318,0.0452962540997554,0.206532455159945,0.909332795797797,1.08689411186884,TRUE,FALSE,FALSE
"ES_2023","gradient","cv",5,4.92024659712279,6.32301864214254,0.7784697124939,0.963689591448787,1.28791587579977,0.0427299484075535,0.7784697124939,0.0427299484075535,0.219887549973811,0.694719013615096,0.862220411372705,TRUE,TRUE,FALSE
"FR_2023","gradient","cv",5,2.75862526929077,3.36312975711372,0.820255377734297,0.425404389365498,0.57681843655832,0.0229567832699446,0.820255377734297,0.0229567832699446,0.189187357346746,0.775260082525206,0.865250672943389,TRUE,TRUE,FALSE
"GR_2023","gradient","cv",5,1.55922319082321,1.8224314902175,0.861541682231352,0.136459012941475,0.295484571732298,0.0773534808510601,0.861541682231352,0.0773534808510601,0.157638863499877,0.709928859763274,1.01315450469943,TRUE,FALSE,FALSE
"HR_2023","gradient","cv",5,1.35008219529306,1.40907950441511,0.958135810538554,0.107730321866037,0.130244176806493,0.0240733095426825,0.958135810538554,0.0240733095426825,0.11699789121305,0.910952123834896,1.00531949724221,TRUE,FALSE,FALSE
"HU_2023","gradient","cv",5,1.77851874731252,1.88962014778781,0.941204391203945,0.0910103517364385,0.102627861116197,0.00607000987353456,0.941204391203945,0.00607000987353456,0.070233639447928,0.929307171851817,0.953101610556073,TRUE,TRUE,FALSE
"LT_2023","gradient","cv",5,3.61281867349581,3.97883397837824,0.908028399543483,0.832702091956843,0.944716513325311,0.0262539000983999,0.908028399543483,0.0262539000983999,0.300466284272104,0.85657075535062,0.959486043736347,TRUE,TRUE,FALSE
"LU_2023","gradient","cv",5,2.0274125694751,2.19184868305175,0.924987051872024,0.334531578693134,0.406632997870109,0.0295269515518752,0.924987051872024,0.0295269515518752,0.229656053849183,0.867114226830348,0.982859876913699,TRUE,TRUE,FALSE
"LV_2023","gradient","cv",5,2.76062731826376,2.85968892256978,0.965336399089455,0.330606364691243,0.346683449898156,0.0168146900254687,0.965336399089455,0.0168146900254687,0.164504997066554,0.932379606639537,0.998293191539374,TRUE,TRUE,FALSE
"MT_2023","gradient","cv",5,1.10086925305979,1.16985307423575,0.941032064029898,0.0753044183084152,0.0849472639983188,0.00427731380598312,0.941032064029898,0.00427731380598312,0.093876681601278,0.932648528970172,0.949415599089625,TRUE,TRUE,FALSE
"NL_2023","gradient","cv",5,1.728902222473,1.78718562747354,0.967523513260931,0.104096808089936,0.135704054501639,0.0391962222631632,0.967523513260931,0.0391962222631632,0.0937460559168991,0.890698917625131,1.04434810889673,TRUE,FALSE,FALSE
"PT_2023","gradient","cv",5,2.26894258151917,2.73891214968618,0.830117948868893,0.199638218517652,0.398163900793544,0.0994641463694605,0.830117948868893,0.0994641463694605,0.14076900058987,0.635168221984751,1.02506767575304,TRUE,FALSE,FALSE
"SI_2023","gradient","cv",5,1.94670192408606,2.25474003886825,0.864146076970967,0.30174182666044,0.370392075713807,0.028951958087141,0.864146076970967,0.028951958087141,0.195000089709811,0.80740023912017,0.920891914821763,TRUE,TRUE,FALSE
"SK_2023","gradient","cv",5,1.36463578165224,1.51762687321668,0.899260543637412,0.145642892757035,0.176298377878203,0.0164259834231121,0.899260543637412,0.0164259834231121,0.141848176255596,0.867065616128112,0.931455471146712,TRUE,TRUE,FALSE
"AT_2023","baseline_3pct","ge2",5,2.73822366556424,3.25698155067791,0.950202980248027,1.57582012773809,3.11934054334982,0.287422525188536,0.950202980248027,0.287422525188536,0.939376934098421,0.386854830878496,1.51355112961756,TRUE,FALSE,FALSE
"BE_2023","baseline_3pct","ge2",5,1.56368718379424,1.90918978966735,0.819031410557091,0.620338972148151,0.819155085434932,0.0386441854777359,0.819031410557091,0.0386441854777359,0.478608192018085,0.743288807020728,0.894774014093453,TRUE,TRUE,FALSE
"CY_2023","baseline_3pct","ge2",5,1.04231228379803,1.15346480953389,0.906187666034799,0.168581481677499,0.223461432757643,0.0474652870712709,0.906187666034799,0.0474652870712709,0.228050792698384,0.813155703375108,0.99921962869449,TRUE,TRUE,FALSE
"DE_2023","baseline_3pct","ge2",5,1.94017080730194,2.17796036725427,0.891120669919185,0.270610277450301,0.310986233527546,0.0356402703332295,0.891120669919185,0.0356402703332295,0.177812577781733,0.821265740066055,0.960975599772315,TRUE,TRUE,FALSE
"EE_2023","baseline_3pct","ge2",5,4.70157265762369,5.00767414823735,0.938895669598494,1.37639517850511,1.42073373448798,0.0238620312356372,0.938895669598494,0.0238620312356372,0.382751780385876,0.892126088376646,0.985665250820343,TRUE,TRUE,FALSE
"ES_2023","baseline_3pct","ge2",5,11.3274633661306,16.9282710354129,0.669152218812461,4.41953156859751,6.94662961256383,0.0621944981658045,0.669152218812461,0.0621944981658045,0.378890781291344,0.547251002407484,0.791053435217438,TRUE,TRUE,FALSE
"FR_2023","baseline_3pct","ge2",5,3.71826359689623,4.8053400192561,0.773777418870734,1.16230270998748,1.7511739458073,0.0450568123505062,0.773777418870734,0.0450568123505062,0.371508301448595,0.685466066663742,0.862088771077727,TRUE,TRUE,FALSE
"GR_2023","baseline_3pct","ge2",5,1.2000447216836,1.52991319347806,0.791197584537184,0.203606243981367,0.37340614549512,0.0779530149906673,0.791197584537184,0.0779530149906673,0.233157950732433,0.638409675155476,0.943985493918892,TRUE,TRUE,FALSE
"HR_2023","baseline_3pct","ge2",5,0.89015324600854,0.981837843865292,0.906631919544915,0.143633903799267,0.177431686730498,0.0395696246439701,0.906631919544915,0.0395696246439701,0.219645458371812,0.829075455242734,0.984188383847097,TRUE,TRUE,FALSE
"HU_2023","baseline_3pct","ge2",5,1.47893215367713,1.60109659423737,0.923700180849686,0.151507475801786,0.173324824641684,0.0100747812327565,0.923700180849686,0.0100747812327565,0.13767036642297,0.903953609633483,0.943446752065889,TRUE,TRUE,FALSE
"LT_2023","baseline_3pct","ge2",5,6.47912576006496,7.52566664398998,0.860900703807354,2.53163465007447,2.92278804732159,0.0736170596069451,0.860900703807354,0.0736170596069451,0.474306310348854,0.716611266977741,1.00519014063697,TRUE,FALSE,FALSE
"LU_2023","baseline_3pct","ge2",5,1.94524408005681,2.32274804901674,0.837485063603056,0.682910293606892,0.895213043202493,0.0505399142853355,0.837485063603056,0.0505399142853355,0.436604670737064,0.738426831603798,0.936543295602313,TRUE,TRUE,FALSE
"LV_2023","baseline_3pct","ge2",5,3.6137114226925,3.81469867348621,0.947335644069649,0.808037715216582,0.849315292800485,0.0270556462651373,0.947335644069649,0.0270556462651373,0.29891910579726,0.89430657738998,1.00036471074932,TRUE,FALSE,FALSE
"MT_2023","baseline_3pct","ge2",5,0.605410541388804,0.658041773909675,0.920018402162877,0.0812609597499335,0.0588245315056974,0.045308220481924,0.920018402162877,0.045308220481924,0.148369603737806,0.831214290018306,1.00882251430745,TRUE,FALSE,FALSE
"NL_2023","baseline_3pct","ge2",5,1.36023661117607,1.33650546531665,1.01799536765534,0.168585118444775,0.177673519960386,0.0337174443918343,1.01799536765534,0.0337174443918343,0.184978092103682,0.951909176647345,1.08408155866334,FALSE,FALSE,FALSE
"PT_2023","baseline_3pct","ge2",5,2.44862204762639,2.60187976686511,0.942431034813421,0.44435763480026,0.535861896454982,0.052307721587014,0.942431034813421,0.052307721587014,0.258328099206458,0.839907900502874,1.04495416912397,TRUE,FALSE,FALSE
"SI_2023","baseline_3pct","ge2",5,1.85256854001587,2.39592983516999,0.774000795944615,0.625818010576201,0.813443099418248,0.0293438989646461,0.774000795944615,0.0293438989646461,0.370323565519592,0.716486753973908,0.831514837915321,TRUE,TRUE,FALSE
"SK_2023","baseline_3pct","ge2",5,0.908192812652296,1.11362009872023,0.815758539621214,0.19668999719739,0.263160800762455,0.0275357224760535,0.815758539621214,0.0275357224760535,0.261411757671385,0.761788523568149,0.869728555674279,TRUE,TRUE,FALSE
"AT_2023","gradient","ge2",5,2.73822366556424,3.04931522035793,1.00006324303962,1.57582012773809,2.7723234025104,0.267909243942259,1.00006324303962,0.267909243942259,0.966221874257423,0.474961124912797,1.52516536116645,FALSE,FALSE,FALSE
"BE_2023","gradient","ge2",5,1.56368718379424,1.81819577827706,0.860035200061414,0.620338972148151,0.807094542495966,0.0537696238206711,0.860035200061414,0.0537696238206711,0.512004708641369,0.754646737372898,0.965423662749929,TRUE,TRUE,FALSE
"CY_2023","gradient","ge2",5,1.04231228379803,0.992226556294814,1.05720627546801,0.168581481677499,0.22168172650282,0.113863278025759,1.05720627546801,0.113863278025759,0.289739652605619,0.834034250537524,1.2803783003985,FALSE,FALSE,FALSE
"DE_2023","gradient","ge2",5,1.94017080730194,2.14458512341991,0.904843974917482,0.270610277450301,0.294105654626271,0.040038414720157,0.904843974917482,0.040038414720157,0.176959924886614,0.826368682065974,0.98331926776899,TRUE,TRUE,FALSE
"EE_2023","gradient","ge2",5,4.70157265762369,4.59110197628029,1.02422137504006,1.37639517850511,1.24672351158628,0.0926477416528321,1.02422137504006,0.0926477416528321,0.408912856228865,0.84263180140051,1.20581094867961,FALSE,FALSE,FALSE
"ES_2023","gradient","ge2",5,11.3274633661306,15.694082965989,0.721901648798361,4.41953156859751,6.61928366390607,0.0670151763364509,0.721901648798361,0.0670151763364509,0.414695414099161,0.590551903178917,0.853251394417804,TRUE,TRUE,FALSE
"FR_2023","gradient","ge2",5,3.71826359689623,4.62497851089474,0.803952621214861,1.16230270998748,1.73674363335478,0.0578502742270524,0.803952621214861,0.0578502742270524,0.39280715460695,0.690566083729838,0.917339158699884,TRUE,TRUE,FALSE
"GR_2023","gradient","ge2",5,1.2000447216836,1.41521955842419,0.851346829565199,0.203606243981367,0.321148623664943,0.0641912209887789,0.851346829565199,0.0641912209887789,0.240259676024787,0.725532036427192,0.977161622703205,TRUE,TRUE,FALSE
"HR_2023","gradient","ge2",5,0.89015324600854,0.938068884279459,0.948943409226791,0.143633903799267,0.177052214007373,0.0505854291623504,0.948943409226791,0.0505854291623504,0.235630346541207,0.849795968068585,1.048090850385,TRUE,FALSE,FALSE
"HU_2023","gradient","ge2",5,1.47893215367713,1.59059348881006,0.9297991416117,0.151507475801786,0.17506184729169,0.0120910316532863,0.9297991416117,0.0120910316532863,0.139804472921787,0.906100719571258,0.953497563652141,TRUE,TRUE,FALSE
"LT_2023","gradient","ge2",5,6.47912576006496,7.29955371104298,0.887752530395213,2.53163465007447,2.90802188654369,0.0713998929897613,0.887752530395213,0.0713998929897613,0.495300615888821,0.747808740135281,1.02769632065514,TRUE,FALSE,FALSE
"LU_2023","gradient","ge2",5,1.94524408005681,2.16109078406787,0.900134720333281,0.682910293606892,0.859860100693603,0.0635810696395184,0.900134720333281,0.0635810696395184,0.477622967634257,0.775515823839825,1.02475361682674,TRUE,FALSE,FALSE
"LV_2023","gradient","ge2",5,3.6137114226925,3.80390707806144,0.94994767181738,0.808037715216582,0.855967088870792,0.0338772900631118,0.94994767181738,0.0338772900631118,0.301366921974963,0.883548183293681,1.01634716034108,TRUE,FALSE,FALSE
"MT_2023","gradient","ge2",5,0.605410541388804,0.623916579068723,0.970338923021502,0.0812609597499335,0.0714020659786433,0.0216901940847773,0.970338923021502,0.0216901940847773,0.171157253328733,0.927826142615339,1.01285170342767,TRUE,FALSE,FALSE
"NL_2023","gradient","ge2",5,1.36023661117607,1.28953343249778,1.05512270368694,0.168585118444775,0.173879662534605,0.0541314200774071,1.05512270368694,0.0541314200774071,0.193187050455476,0.949025120335217,1.16122028703865,FALSE,FALSE,FALSE
"PT_2023","gradient","ge2",5,2.44862204762639,2.3946349732621,1.02446769122544,0.44435763480026,0.523697026984336,0.0976028916456333,1.02446769122544,0.0976028916456333,0.290590323076377,0.833166023599997,1.21576935885088,FALSE,FALSE,FALSE
"SI_2023","gradient","ge2",5,1.85256854001587,2.14409361253,0.869938901733169,0.625818010576201,0.813573690192807,0.0554800733630273,0.869938901733169,0.0554800733630273,0.438957581687729,0.761197957941635,0.978679845524702,TRUE,TRUE,FALSE
"SK_2023","gradient","ge2",5,0.908192812652296,1.04309492112142,0.870906459043227,0.19668999719739,0.251804182823299,0.0317795991410749,0.870906459043227,0.0317795991410749,0.282369183831492,0.80861844472672,0.933194473359734,TRUE,TRUE,FALSE
"AT_2023","baseline_3pct","ge_mld",5,1.37638701019973,1.35828568915189,1.01357271258934,0.0478466768367593,0.0629258896765613,0.0277255960402181,1.01357271258934,0.0277255960402181,0.0586913275002465,0.959230544350511,1.06791488082817,FALSE,FALSE,FALSE
"BE_2023","baseline_3pct","ge_mld",5,1.07328593653289,1.08143550864229,0.992460721858902,0.0670030884923124,0.071155634879175,0.0188536734634186,0.992460721858902,0.0188536734634186,0.0900168298554408,0.955507521870602,1.0294139218472,TRUE,FALSE,FALSE
"CY_2023","baseline_3pct","ge_mld",5,1.01636160586677,1.08722179040018,0.93482196877846,0.0626470814487807,0.069005831593061,0.018768629532703,0.93482196877846,0.018768629532703,0.0827081435101543,0.898035454894362,0.971608482662558,TRUE,TRUE,FALSE
"DE_2023","baseline_3pct","ge_mld",5,1.49047726698876,1.53471494830376,0.971195624792435,0.0714072427013594,0.0735450824620334,0.0121986079452936,0.971195624792435,0.0121986079452936,0.0658088118022592,0.947286353219659,0.99510489636521,TRUE,TRUE,FALSE
"EE_2023","baseline_3pct","ge_mld",5,1.03279131297506,1.06247695591026,0.972067074396571,0.0583469604950116,0.0608393472028361,0.00780946548473433,0.972067074396571,0.00780946548473433,0.0781921510636501,0.956760522046492,0.98737362674665,TRUE,TRUE,FALSE
"ES_2023","baseline_3pct","ge_mld",5,1.10528095959208,1.09387391772584,1.01042937958714,0.0529027425414621,0.0625182673311465,0.023581177073535,1.01042937958714,0.023581177073535,0.0753253700119028,0.964210272523016,1.05664848665127,FALSE,FALSE,FALSE
"FR_2023","baseline_3pct","ge_mld",5,1.27708802685668,1.29166026180001,0.988718213779357,0.068723162657264,0.0702188580578905,0.00788085148591879,0.988718213779357,0.00788085148591879,0.0756297523841044,0.973271744866956,1.00416468269176,TRUE,FALSE,FALSE
"GR_2023","baseline_3pct","ge_mld",5,0.957773488015867,1.08315836149988,0.886110666348741,0.0418582698867019,0.0820592764589823,0.0513552187630726,0.886110666348741,0.0513552187630726,0.0773369152558143,0.785454437573119,0.986766895124364,TRUE,TRUE,FALSE
"HR_2023","baseline_3pct","ge_mld",5,0.686429365933838,0.762944618602298,0.899705718327075,0.0411438200856487,0.0469817364354947,0.0193540258576684,0.899705718327075,0.0193540258576684,0.0773160041829107,0.861771827646045,0.937639609008105,TRUE,TRUE,FALSE
"HU_2023","baseline_3pct","ge_mld",5,0.776164477966389,0.805396447473127,0.963708316485201,0.0219029086476725,0.02371655146767,0.00958433927909823,0.963708316485201,0.00958433927909823,0.0393052718423549,0.944923011498168,0.982493621472233,TRUE,TRUE,FALSE
"LT_2023","baseline_3pct","ge_mld",5,0.715461486681712,0.80856737898805,0.884854420069365,0.10958020077659,0.128856429950322,0.0161902235951966,0.884854420069365,0.0161902235951966,0.195579812264104,0.853121581822779,0.91658725831595,TRUE,TRUE,FALSE
"LU_2023","baseline_3pct","ge_mld",5,1.05252215581962,1.07757684573437,0.976801979802414,0.0718360752219733,0.0788374378253088,0.017352453027226,0.976801979802414,0.017352453027226,0.0977280972586247,0.942791171869051,1.01081278773578,TRUE,FALSE,FALSE
"LV_2023","baseline_3pct","ge_mld",5,1.17579716820702,1.17877967073541,0.997525581747129,0.165455167719576,0.174113089087635,0.0212161289992861,0.997525581747129,0.0212161289992861,0.203490020915561,0.955941968908528,1.03910919458573,TRUE,FALSE,FALSE
"MT_2023","baseline_3pct","ge_mld",5,0.807803060394238,0.813103064553711,0.993481756015294,0.161001679070815,0.132433677194913,0.0432405233248994,0.993481756015294,0.0432405233248994,0.255716459430317,0.908730330298491,1.0782331817321,TRUE,FALSE,FALSE
"NL_2023","baseline_3pct","ge_mld",5,1.18654418023248,1.18103865423998,1.0046742624293,0.0385333057351951,0.0394632442853176,0.00602489972442413,1.0046742624293,0.00602489972442413,0.0468126768319668,0.992865458969431,1.01648306588917,FALSE,FALSE,FALSE
"PT_2023","baseline_3pct","ge_mld",5,1.16248816995563,1.18658546945797,0.97971362152169,0.0307687938630377,0.0339140720706455,0.00835897657949168,0.97971362152169,0.00835897657949168,0.038163297982417,0.963330027425887,0.996097215617494,TRUE,TRUE,FALSE
"SI_2023","baseline_3pct","ge_mld",5,0.860344626817878,1.00830675934942,0.853564771208552,0.0562039312098905,0.0759027194566612,0.0179517083413332,0.853564771208552,0.0179517083413332,0.0850450764105117,0.818379422859539,0.888750119557565,TRUE,TRUE,FALSE
"SK_2023","baseline_3pct","ge_mld",5,0.515030815946586,0.629036213935157,0.818864026536816,0.0307902842456631,0.03925171410594,0.023824863121237,0.818864026536816,0.023824863121237,0.0707543976373188,0.772167294819191,0.86556075825444,TRUE,TRUE,FALSE
"AT_2023","gradient","ge_mld",5,1.37638701019973,1.27419988903191,1.08040172668843,0.0478466768367593,0.0572515891744437,0.0221897576376199,1.08040172668843,0.0221897576376199,0.0613649269949883,1.03690980171869,1.12389365165816,FALSE,FALSE,TRUE
"BE_2023","gradient","ge_mld",5,1.07328593653289,1.03383108262825,1.0381858560865,0.0670030884923124,0.0673987905992036,0.0202371407333666,1.0381858560865,0.0202371407333666,0.0937077900097289,0.998521060249103,1.0778506519239,FALSE,FALSE,FALSE
"CY_2023","gradient","ge_mld",5,1.01636160586677,0.972756523474067,1.04482695880239,0.0626470814487807,0.0629280793529611,0.0207266996582919,1.04482695880239,0.0207266996582919,0.0933596081339174,1.00420262747214,1.08545129013264,FALSE,FALSE,TRUE
"DE_2023","gradient","ge_mld",5,1.49047726698876,1.4632250443947,1.0186334551978,0.0714072427013594,0.0662917025047626,0.0138914797016693,1.0186334551978,0.0138914797016693,0.0671661680787899,0.991406154982533,1.04586075541308,FALSE,FALSE,FALSE
"EE_2023","gradient","ge_mld",5,1.03279131297506,1.03664649952047,0.996295295273282,0.0583469604950116,0.0577934310740084,0.010579528892281,0.996295295273282,0.010579528892281,0.079075637029075,0.975559418644411,1.01703117190215,TRUE,FALSE,FALSE
"ES_2023","gradient","ge_mld",5,1.10528095959208,1.01038450887274,1.09392378001308,0.0529027425414621,0.0590643374575045,0.021366429661584,1.09392378001308,0.021366429661584,0.0826484746775723,1.05204557787637,1.13580198214978,FALSE,FALSE,TRUE
"FR_2023","gradient","ge_mld",5,1.27708802685668,1.19871098142574,1.06538443932308,0.068723162657264,0.067260720630098,0.00853063426875805,1.06538443932308,0.00853063426875805,0.0828277566277136,1.04866439615632,1.08210448248985,FALSE,FALSE,TRUE
"GR_2023","gradient","ge_mld",5,0.957773488015867,0.972646640082578,0.984921029831836,0.0418582698867019,0.0488436934091427,0.0217948205789346,0.984921029831836,0.0217948205789346,0.0655537399827662,0.942203181497124,1.02763887816655,TRUE,FALSE,FALSE
"HR_2023","gradient","ge_mld",5,0.686429365933838,0.700412678529834,0.980029511974199,0.0411438200856487,0.0429865662781027,0.0168650650300387,0.980029511974199,0.0168650650300387,0.0840739244518169,0.946973984515323,1.01308503943307,TRUE,FALSE,FALSE
"HU_2023","gradient","ge_mld",5,0.776164477966389,0.779298208756736,0.995979663315879,0.0219029086476725,0.0227237756478669,0.00756103980595813,0.995979663315879,0.00756103980595813,0.0404151344717621,0.981160025296201,1.01079930133556,TRUE,FALSE,FALSE
"LT_2023","gradient","ge_mld",5,0.715461486681712,0.754016891014462,0.948917131352297,0.10958020077659,0.126132615361191,0.0181947822090514,0.948917131352297,0.0181947822090514,0.215208589764636,0.913255358222557,0.984578904482038,TRUE,TRUE,FALSE
"LU_2023","gradient","ge_mld",5,1.05252215581962,1.01967596790904,1.03224222123721,0.0718360752219733,0.0748740768700411,0.0157873141448845,1.03224222123721,0.0157873141448845,0.103479529508135,1.00129908551323,1.06318535696118,FALSE,FALSE,TRUE
"LV_2023","gradient","ge_mld",5,1.17579716820702,1.15878304621259,1.01472969951504,0.165455167719576,0.171389589460533,0.0214390622115382,1.01472969951504,0.0214390622115382,0.207147506098233,0.97270913758043,1.05675026144966,FALSE,FALSE,FALSE
"MT_2023","gradient","ge_mld",5,0.807803060394238,0.8086598179818,0.99894052162787,0.161001679070815,0.150884237851949,0.0156271882405538,0.99894052162787,0.0156271882405538,0.272727007858592,0.968311232676385,1.02956981057936,TRUE,FALSE,FALSE
"NL_2023","gradient","ge_mld",5,1.18654418023248,1.17751754682834,1.00767901742741,0.0385333057351951,0.0390964735320521,0.00689641194360292,1.00767901742741,0.00689641194360292,0.0468000207034173,0.994162050017951,1.02119598483687,FALSE,FALSE,FALSE
"PT_2023","gradient","ge_mld",5,1.16248816995563,1.13178251699314,1.02717425941582,0.0307687938630377,0.0329890167507936,0.0112166369478519,1.02717425941582,0.0112166369478519,0.0404401742733433,1.00518965099803,1.04915886783361,FALSE,FALSE,TRUE
"SI_2023","gradient","ge_mld",5,0.860344626817878,0.904272929995788,0.951802486379878,0.0562039312098905,0.067200068568905,0.0170324752044011,0.951802486379878,0.0170324752044011,0.0941388387990325,0.918418834979252,0.985186137780504,TRUE,TRUE,FALSE
"SK_2023","gradient","ge_mld",5,0.515030815946586,0.550271748501793,0.936026517989246,0.0307902842456631,0.03348394402361,0.0198192807237336,0.936026517989246,0.0198192807237336,0.0798407991402191,0.897180727770728,0.974872308207764,TRUE,TRUE,FALSE
"AT_2023","baseline_3pct","ge_theil",5,0.966720525401035,0.986431707958184,0.983936373587696,0.105165076058831,0.160014145236931,0.0728236176361958,0.983936373587696,0.0728236176361958,0.191412308313972,0.841202083020752,1.12667066415464,TRUE,FALSE,FALSE
"BE_2023","baseline_3pct","ge_theil",5,0.700773885124947,0.749163035870611,0.935410241308621,0.0889621591982786,0.107097814335147,0.0220143682612873,0.935410241308621,0.0220143682612873,0.17883813607296,0.892262079516498,0.978558403100744,TRUE,TRUE,FALSE
"CY_2023","baseline_3pct","ge_theil",5,0.630215585277387,0.672578491285177,0.937317619886287,0.0435772840714457,0.054304686623306,0.0234338750878804,0.937317619886287,0.0234338750878804,0.0996076132458199,0.891387224714042,0.983248015058533,TRUE,TRUE,FALSE
"DE_2023","baseline_3pct","ge_theil",5,0.953076451253532,1.01522166770309,0.938841966956189,0.06806075783742,0.0732229050607061,0.015380162467422,0.938841966956189,0.015380162467422,0.0952840362933626,0.908696848520042,0.968987085392336,TRUE,TRUE,FALSE
"EE_2023","baseline_3pct","ge_theil",5,0.988058638023483,1.03316985906015,0.956345265897878,0.111013808685087,0.114153344989406,0.00765559012261904,0.956345265897878,0.00765559012261904,0.150699590733072,0.941340309257545,0.971350222538211,TRUE,TRUE,FALSE
"ES_2023","baseline_3pct","ge_theil",5,1.04735657230443,1.09537067359971,0.956160607831339,0.14445194385665,0.194016661237917,0.0564567773973923,0.956160607831339,0.0564567773973923,0.214648268716498,0.84550532413245,1.06681589153023,TRUE,FALSE,FALSE
"FR_2023","baseline_3pct","ge_theil",5,0.935294682172396,0.991518492616431,0.943295247781339,0.0500216047898362,0.0572353203863658,0.0105925452327234,0.943295247781339,0.0105925452327234,0.0742302643420812,0.922533859125201,0.964056636437477,TRUE,TRUE,FALSE
"GR_2023","baseline_3pct","ge_theil",5,0.642206724759889,0.73305018457056,0.878114638736336,0.0369497175543843,0.0700364121360891,0.0515630181658744,0.878114638736336,0.0515630181658744,0.0977066409726876,0.777051123131222,0.97917815434145,TRUE,TRUE,FALSE
"HR_2023","baseline_3pct","ge_theil",5,0.529409472284122,0.568982250377957,0.930454052989843,0.0391558934267597,0.0453898975240376,0.0201296134071341,0.930454052989843,0.0201296134071341,0.101218928561843,0.89100001071186,0.969908095267825,TRUE,TRUE,FALSE
"HU_2023","baseline_3pct","ge_theil",5,0.656567764914938,0.680123221360545,0.965366551052987,0.0256696702579278,0.0286627997492779,0.00698468838609463,0.965366551052987,0.00698468838609463,0.0554949746030167,0.951676561816241,0.979056540289732,TRUE,TRUE,FALSE
"LT_2023","baseline_3pct","ge_theil",5,0.961020739740486,1.05732983991183,0.90902089935063,0.250562759700372,0.284151365606572,0.0202903933691847,0.90902089935063,0.0202903933691847,0.340328555383945,0.869251728347029,0.948790070354232,TRUE,TRUE,FALSE
"LU_2023","baseline_3pct","ge_theil",5,0.757635454903739,0.803755359173374,0.942634499618529,0.0823614320876466,0.098545884538794,0.0234954244458992,0.942634499618529,0.0234954244458992,0.154457266711213,0.896583467704566,0.988685531532491,TRUE,TRUE,FALSE
"LV_2023","baseline_3pct","ge_theil",5,1.08153277671035,1.11374684516269,0.971144009726254,0.178515877592507,0.187618405223851,0.0135547152146501,0.971144009726254,0.0135547152146501,0.229021553480426,0.94457676790554,0.997711251546968,TRUE,TRUE,FALSE
"MT_2023","baseline_3pct","ge_theil",5,0.476170190870514,0.496573855882498,0.958911117107197,0.074595182621195,0.0591116872672525,0.0409483365052486,0.958911117107197,0.0409483365052486,0.188668231353545,0.878652377556909,1.03916985665748,TRUE,FALSE,FALSE
"NL_2023","baseline_3pct","ge_theil",5,0.737696006020623,0.732731178863883,1.00681572070551,0.0342558273747152,0.0357755120923383,0.0116069760608608,1.00681572070551,0.0116069760608608,0.06783751404956,0.984066047626223,1.0295653937848,FALSE,FALSE,FALSE
"PT_2023","baseline_3pct","ge_theil",5,0.843966938236894,0.861955664525187,0.979230403736171,0.0470115688604777,0.0540496153756241,0.0155384006941515,0.979230403736171,0.0155384006941515,0.0821235978090519,0.948775138375634,1.00968566909671,TRUE,FALSE,FALSE
"SI_2023","baseline_3pct","ge_theil",5,0.658017186333082,0.773001665627426,0.852227856264796,0.0995662742284859,0.128252208727686,0.0230246632295238,0.852227856264796,0.0230246632295238,0.191148851524157,0.807099516334929,0.897356196194662,TRUE,TRUE,FALSE
"SK_2023","baseline_3pct","ge_theil",5,0.436169648423807,0.508530910633073,0.857855998174139,0.034841805741392,0.0434395343599881,0.0195587827248639,0.857855998174139,0.0195587827248639,0.100310742917155,0.819520784033406,0.896191212314872,TRUE,TRUE,FALSE
"AT_2023","gradient","ge_theil",5,0.966720525401035,0.931148500872538,1.04196776756947,0.105165076058831,0.148301514063904,0.0634041043986023,1.04196776756947,0.0634041043986023,0.200242118813905,0.91769572294821,1.16623981219073,FALSE,FALSE,FALSE
"BE_2023","gradient","ge_theil",5,0.700773885124947,0.712290995475255,0.983839182563817,0.0889621591982786,0.104580904147881,0.0276955603629853,0.983839182563817,0.0276955603629853,0.190956954252306,0.929555884252366,1.03812248087527,TRUE,FALSE,FALSE
"CY_2023","gradient","ge_theil",5,0.630215585277387,0.599812352081699,1.05122372058839,0.0435772840714457,0.0525925949599921,0.037101737618334,1.05122372058839,0.037101737618334,0.1173263497146,0.978504314856453,1.12394312632032,FALSE,FALSE,FALSE
"DE_2023","gradient","ge_theil",5,0.953076451253532,0.978789472751712,0.97375462219595,0.06806075783742,0.0676819094488289,0.0203423483509981,0.97375462219595,0.0203423483509981,0.096792610212155,0.933883619427994,1.01362562496391,TRUE,FALSE,FALSE
"EE_2023","gradient","ge_theil",5,0.988058638023483,0.998842702739456,0.9892355616984,0.111013808685087,0.104126241850176,0.0219619276206055,0.9892355616984,0.0219619276206055,0.151613519475453,0.946190183562013,1.03228093983479,TRUE,FALSE,FALSE
"ES_2023","gradient","ge_theil",5,1.04735657230443,1.02232328345914,1.02450669388772,0.14445194385665,0.1879176574276,0.0554551190795093,1.02450669388772,0.0554551190795093,0.235430888544078,0.915814660491882,1.13319872728356,FALSE,FALSE,FALSE
"FR_2023","gradient","ge_theil",5,0.935294682172396,0.923013513861009,1.01330551300383,0.0500216047898362,0.0568544683552018,0.0136074875766438,1.01330551300383,0.0136074875766438,0.0826604055942058,0.986634837353607,1.03997618865405,FALSE,FALSE,FALSE
"GR_2023","gradient","ge_theil",5,0.642206724759889,0.677133161548153,0.94891653004259,0.0369497175543843,0.0527741642067722,0.0316994605310014,0.94891653004259,0.0316994605310014,0.0918774689502553,0.886785587401827,1.01104747268335,TRUE,FALSE,FALSE
"HR_2023","gradient","ge_theil",5,0.529409472284122,0.539663537084938,0.981003643738278,0.0391558934267597,0.0441276727581818,0.0237230629016474,0.981003643738278,0.0237230629016474,0.108161298403909,0.934506440451049,1.02750084702551,TRUE,FALSE,FALSE
"HU_2023","gradient","ge_theil",5,0.656567764914938,0.666704833167647,0.984795383415721,0.0256696702579278,0.0283972440305213,0.00725926163258739,0.984795383415721,0.00725926163258739,0.056937490536493,0.97056723061585,0.999023536215593,TRUE,TRUE,FALSE
"LT_2023","gradient","ge_theil",5,0.961020739740486,1.01803343728554,0.944158138078617,0.250562759700372,0.279180309960817,0.0229816280282255,0.944158138078617,0.0229816280282255,0.35720367637513,0.899114147143295,0.989202129013939,TRUE,TRUE,FALSE
"LU_2023","gradient","ge_theil",5,0.757635454903739,0.75379353367801,1.00509845433178,0.0823614320876466,0.0949193694446056,0.0266464130260494,1.00509845433178,0.0266464130260494,0.167202776775635,0.952871484800726,1.05732542386284,FALSE,FALSE,FALSE
"LV_2023","gradient","ge_theil",5,1.08153277671035,1.10210010342021,0.981364284146055,0.178515877592507,0.189786861896041,0.0174278037936587,0.981364284146055,0.0174278037936587,0.234082945495735,0.947205788710484,1.01552277958163,TRUE,FALSE,FALSE
"MT_2023","gradient","ge_theil",5,0.476170190870514,0.473113841867438,1.00646007098632,0.074595182621195,0.0652228910816509,0.0219471274844078,1.00646007098632,0.0219471274844078,0.210025613851753,0.963443701116885,1.04947644085576,FALSE,FALSE,FALSE
"NL_2023","gradient","ge_theil",5,0.737696006020623,0.724081621314788,1.01884804642044,0.0342558273747152,0.0353913091739395,0.014628741581376,1.01884804642044,0.014628741581376,0.0686867363806593,0.990175712920941,1.04752037991994,FALSE,FALSE,FALSE
"PT_2023","gradient","ge_theil",5,0.843966938236894,0.818676027716633,1.03105354693371,0.0470115688604777,0.0515605730516378,0.0269635640691983,1.03105354693371,0.0269635640691983,0.0866769682784253,0.978204961358085,1.08390213250934,FALSE,FALSE,FALSE
"SI_2023","gradient","ge_theil",5,0.658017186333082,0.705295977264694,0.934676608555724,0.0995662742284859,0.12110534404844,0.0287496357718824,0.934676608555724,0.0287496357718824,0.213523535514961,0.878327322442835,0.991025894668614,TRUE,TRUE,FALSE
"SK_2023","gradient","ge_theil",5,0.436169648423807,0.469619802990138,0.928869800407444,0.034841805741392,0.039806579872394,0.0181072830203925,0.928869800407444,0.0181072830203925,0.108176452187519,0.893379525687475,0.964360075127413,TRUE,TRUE,FALSE
"AT_2023","baseline_3pct","gini",5,0.699731497952375,-21.7487473639472,-0.0904260671217235,0.0137564015535763,261.016096856483,0.120331006067203,-0.0904260671217235,0.120331006067203,0.386127559987837,-0.326274839013442,0.145422704769995,TRUE,TRUE,FALSE
"BE_2023","baseline_3pct","gini",5,0.603788573368038,0.769565574886265,0.784584131476083,0.0208249203354601,0.142292528269542,0.100590178615939,0.784584131476083,0.100590178615939,0.147571673607134,0.587427381388843,0.981740881563323,TRUE,TRUE,FALSE
"CY_2023","baseline_3pct","gini",5,0.610119338682465,0.866307399021542,0.704329850008606,0.0168253045804038,0.0513250638873063,0.0401839296078866,0.704329850008606,0.0401839296078866,0.0460240771039197,0.625569347977149,0.783090352040064,TRUE,TRUE,FALSE
"DE_2023","baseline_3pct","gini",5,0.723788804903286,1.12470950627349,0.643919160264318,0.0179961628152808,0.0966459197117649,0.0683575075076554,0.643919160264318,0.0683575075076554,0.0575670522365572,0.509938445549313,0.777899874979322,TRUE,TRUE,FALSE
"EE_2023","baseline_3pct","gini",5,0.654767209834333,0.73128281822491,0.895367838137175,0.0182902376093724,0.0242344866776772,0.0235400825999358,0.895367838137175,0.0235400825999358,0.0388072035394365,0.849229276241301,0.94150640003305,TRUE,TRUE,FALSE
"ES_2023","baseline_3pct","gini",5,0.673579341439977,1.22294253657568,0.550905302009318,0.0156414103162364,0.186916668129317,0.0772872374398926,0.550905302009318,0.0772872374398926,0.0851491075678458,0.399422316627128,0.702388287391507,TRUE,TRUE,FALSE
"FR_2023","baseline_3pct","gini",5,0.677710245115626,1.39102412070724,0.48720236768508,0.0149974075068772,0.141334013766984,0.0495625852380824,0.48720236768508,0.0495625852380824,0.0506623633787575,0.390059700618438,0.584345034751721,TRUE,TRUE,FALSE
"GR_2023","baseline_3pct","gini",5,0.584137606119118,2.29422253135763,0.416595613028924,0.0124191029887897,9.69616380249875,0.246856064354598,0.416595613028924,0.246856064354598,1.07609230044006,-0.0672422731060883,0.900433499163936,TRUE,TRUE,FALSE
"HR_2023","baseline_3pct","gini",5,0.539250849793568,0.688506006099934,0.783218931576561,0.0144433698347551,0.0210441419622139,0.0212261436598993,0.783218931576561,0.0212261436598993,0.0318299718844116,0.741615690003158,0.824822173149963,TRUE,TRUE,FALSE
"HU_2023","baseline_3pct","gini",5,0.595984697017222,0.717566573756698,0.830563627131053,0.00712077768531086,0.0158665797700369,0.0173283989619963,0.830563627131053,0.0173283989619963,0.0208747226487139,0.79659996516554,0.864527289096566,TRUE,TRUE,FALSE
"LT_2023","baseline_3pct","gini",5,0.58164379175969,0.797534495463101,0.729262576020147,0.0461830192181396,0.0396052245821198,0.047654186983477,0.729262576020147,0.047654186983477,0.0683001320880584,0.635860369532532,0.822664782507762,TRUE,TRUE,FALSE
"LU_2023","baseline_3pct","gini",5,0.630562437872272,1.0638820868223,0.594117854173469,0.0186649569178916,0.195429041304686,0.0929730206326563,0.594117854173469,0.0929730206326563,0.110279987662889,0.411890733733463,0.776344974613475,TRUE,TRUE,FALSE
"LV_2023","baseline_3pct","gini",5,0.689475911192955,0.74958234595485,0.91981147968798,0.0437484076984383,0.0421366500543648,0.0245735366510158,0.91981147968798,0.0245735366510158,0.0779732429565503,0.871647347851989,0.967975611523971,TRUE,TRUE,FALSE
"MT_2023","baseline_3pct","gini",5,0.516881964185969,0.707547867522556,0.730525789012418,0.0446726743307427,0.0793258298218006,0.0211381661931327,0.730525789012418,0.0211381661931327,0.103413024288192,0.689094983273878,0.771956594750958,TRUE,TRUE,FALSE
"NL_2023","baseline_3pct","gini",5,0.650168469176985,0.710721503223685,0.916991213385748,0.00938738708540641,0.0489608878840787,0.0591655554473759,0.916991213385748,0.0591655554473759,0.0643889701121142,0.801026724708892,1.03295570206261,TRUE,FALSE,FALSE
"PT_2023","baseline_3pct","gini",5,0.648040190893565,0.868646935576971,0.746425903415308,0.00904381812237571,0.0388305700781581,0.0335453400790168,0.746425903415308,0.0335453400790168,0.0349368724832782,0.680677036860435,0.812174769970181,TRUE,TRUE,FALSE
"SI_2023","baseline_3pct","gini",5,0.565665431867465,3.27649878862502,0.179355441780571,0.0238408641841213,1.5120107933076,0.0564708692393575,0.179355441780571,0.0564708692393575,0.080001529525729,0.0686725380714299,0.290038345489711,TRUE,TRUE,FALSE
"SK_2023","baseline_3pct","gini",5,0.473291183150073,0.767495368068856,0.61669568304975,0.0135176771212421,0.0366552183447108,0.0293433397782558,0.61669568304975,0.0293433397782558,0.0343164635386618,0.559182737084368,0.674208629015131,TRUE,TRUE,FALSE
"AT_2023","gradient","gini",5,0.699731497952375,0.883030794658295,0.795372279814842,0.0137564015535763,0.0950543726419104,0.0793474390508489,0.795372279814842,0.0793474390508489,0.0867114584606581,0.639851299275178,0.950893260354506,TRUE,TRUE,FALSE
"BE_2023","gradient","gini",5,0.603788573368038,0.619805006818132,0.974158556507076,0.0208249203354601,0.0216616057418491,0.00999598070050674,0.974158556507076,0.00999598070050674,0.0478333466070803,0.954566434334082,0.993750678680069,TRUE,TRUE,FALSE
"CY_2023","gradient","gini",5,0.610119338682465,0.644112045576531,0.947257200713148,0.0168253045804038,0.0246931289288627,0.0240160237032894,0.947257200713148,0.0240160237032894,0.0447326895072447,0.900185794254701,0.994328607171595,TRUE,TRUE,FALSE
"DE_2023","gradient","gini",5,0.723788804903286,0.757085227069029,0.956027812807934,0.0179961628152808,0.0179508523025758,0.0110619420154948,0.956027812807934,0.0110619420154948,0.0328458958996064,0.934346406457564,0.977709219158304,TRUE,TRUE,FALSE
"EE_2023","gradient","gini",5,0.654767209834333,0.670988497807798,0.975823458047052,0.0182902376093724,0.0174306083339133,0.00681419963235706,0.975823458047052,0.00681419963235706,0.037224060272122,0.962467626767632,0.989179289326472,TRUE,TRUE,FALSE
"ES_2023","gradient","gini",5,0.673579341439977,0.728291080048891,0.925249833078183,0.0156414103162364,0.038148677603225,0.0428626255401314,0.925249833078183,0.0428626255401314,0.0529931541963108,0.841239087019525,1.00926057913684,TRUE,FALSE,FALSE
"FR_2023","gradient","gini",5,0.677710245115626,0.721263409177191,0.939615453234692,0.0149974075068772,0.0178979430797654,0.00816250101573429,0.939615453234692,0.00816250101573429,0.031241131070723,0.923616951243853,0.955613955225531,TRUE,TRUE,FALSE
"GR_2023","gradient","gini",5,0.584137606119118,0.638180982976496,0.917930606808831,0.0124191029887897,0.0473025186353768,0.0599108139155864,0.917930606808831,0.0599108139155864,0.0705798257875424,0.800505411534281,1.03535580208338,TRUE,FALSE,FALSE
"HR_2023","gradient","gini",5,0.539250849793568,0.552705367766835,0.975657757914404,0.0144433698347551,0.0153706405964908,0.00883419412391388,0.975657757914404,0.00883419412391388,0.0376706780422646,0.958342737431533,0.992972778397275,TRUE,TRUE,FALSE
"HU_2023","gradient","gini",5,0.595984697017222,0.615776721335998,0.967858438769941,0.00712077768531086,0.0078560486901032,0.00420223814142497,0.967858438769941,0.00420223814142497,0.0169172710595191,0.959622052012748,0.976094825527134,TRUE,TRUE,FALSE
"LT_2023","gradient","gini",5,0.58164379175969,0.631516007764694,0.921013844384357,0.0461830192181396,0.0453732859663777,0.0155776998864766,0.921013844384357,0.0155776998864766,0.0986259519859241,0.890481552606862,0.951546136161851,TRUE,TRUE,FALSE
"LU_2023","gradient","gini",5,0.630562437872272,0.645547523500744,0.976788976956316,0.0186649569178916,0.0201631829085981,0.0111871638590119,0.976788976956316,0.0111871638590119,0.0420332507086341,0.954862135792652,0.998715818119979,TRUE,TRUE,FALSE
"LV_2023","gradient","gini",5,0.689475911192955,0.69804630586845,0.987717905259723,0.0437484076984383,0.0450862368579465,0.00583180765293215,0.987717905259723,0.00583180765293215,0.0894304862269806,0.976287562259976,0.99914824825947,TRUE,TRUE,FALSE
"MT_2023","gradient","gini",5,0.516881964185969,0.541240580813576,0.954994844268714,0.0446726743307427,0.0494083927830475,0.00511100765992463,0.954994844268714,0.00511100765992463,0.120052527006294,0.944977269255262,0.965012419282166,TRUE,TRUE,FALSE
"NL_2023","gradient","gini",5,0.650168469176985,0.666490772224482,0.975569674272497,0.00938738708540641,0.015680439893488,0.0168584508230485,0.975569674272497,0.0168584508230485,0.0269279772128801,0.942527110659322,1.00861223788567,TRUE,FALSE,FALSE
"PT_2023","gradient","gini",5,0.648040190893565,0.711898572438972,0.910568347724687,0.00904381812237571,0.0314493789012458,0.0373698511395753,0.910568347724687,0.0373698511395753,0.0421729304774326,0.83732343949112,0.983813255958255,TRUE,TRUE,FALSE
"SI_2023","gradient","gini",5,0.565665431867465,0.643372489141051,0.87936721752619,0.0238408641841213,0.0296718452864999,0.0187746142137868,0.87936721752619,0.0187746142137868,0.054930571266196,0.842568973667168,0.916165461385212,TRUE,TRUE,FALSE
"SK_2023","gradient","gini",5,0.473291183150073,0.519077035499297,0.91180461084065,0.0135176771212421,0.014979977744018,0.0151321783183917,0.91180461084065,0.0151321783183917,0.0370211398375319,0.882145541336603,0.941463680344698,TRUE,TRUE,FALSE
"AT_2023","baseline_3pct","top1",5,0.171228646916261,-2.64886065711783,-0.256687987287981,0.0332039902660379,31.4743476729984,0.453661285512617,-0.256687987287981,0.453661285512617,0.768197277332719,-1.14586410689271,0.632488132316749,TRUE,TRUE,FALSE
"BE_2023","baseline_3pct","top1",5,0.128922558327943,0.16397621077871,0.786287527151351,0.0316607768079972,0.0431989051212921,0.0705647579716263,0.786287527151351,0.0705647579716263,0.283165518517343,0.647980601526963,0.924594452775738,TRUE,TRUE,FALSE
"CY_2023","baseline_3pct","top1",5,0.10941154452209,0.143003593978263,0.766228957514042,0.0160423029984379,0.0239401904211513,0.0673724335796117,0.766228957514042,0.0673724335796117,0.170265270964864,0.634178987698004,0.898278927330081,TRUE,TRUE,FALSE
"DE_2023","baseline_3pct","top1",5,0.164452745911711,0.21900435821202,0.750991517021366,0.0199120538469827,0.0235006459342026,0.0665385101865932,0.750991517021366,0.0665385101865932,0.121488172089654,0.620576037055643,0.881406996987088,TRUE,TRUE,FALSE
"EE_2023","baseline_3pct","top1",5,0.222955987634084,0.244827537101661,0.910751332044807,0.0337456571835521,0.0358428307158601,0.0194939343405927,0.910751332044807,0.0194939343405927,0.191762884560037,0.872543220737245,0.948959443352368,TRUE,TRUE,FALSE
"ES_2023","baseline_3pct","top1",5,0.207722112069607,0.291352698551994,0.713026261929966,0.0343509489805083,0.0546068087070659,0.0540419874650916,0.713026261929966,0.0540419874650916,0.178204190109185,0.607103966498387,0.818948557361546,TRUE,TRUE,FALSE
"FR_2023","baseline_3pct","top1",5,0.165023822669503,0.265927757873788,0.620558846466207,0.0101165875615849,0.0248373363701476,0.0397536070672666,0.620558846466207,0.0397536070672666,0.0693292105848232,0.542641776614365,0.69847591631805,TRUE,TRUE,FALSE
"GR_2023","baseline_3pct","top1",5,0.107628039773395,0.291573565868799,0.511099785182752,0.0105725305047761,0.906385178801458,0.258060529674155,0.511099785182752,0.258060529674155,1.14804432906805,0.00530114702140771,1.0168984233441,TRUE,FALSE,FALSE
"HR_2023","baseline_3pct","top1",5,0.101154211988748,0.122883647852826,0.823545865258737,0.0141358233512022,0.0175769256260551,0.0674645843468113,0.823545865258737,0.0674645843468113,0.164610185863596,0.691315279938987,0.955776450578487,TRUE,TRUE,FALSE
"HU_2023","baseline_3pct","top1",5,0.132598490191892,0.152976940404443,0.866788147212122,0.0083045818547411,0.00955931563380179,0.0146800395281294,0.866788147212122,0.0146800395281294,0.0766863678183121,0.838015269736988,0.895561024687256,TRUE,TRUE,FALSE
"LT_2023","baseline_3pct","top1",5,0.252053464873916,0.308949001316061,0.816151288047214,0.070163474708626,0.0834966725361606,0.0560411649765922,0.816151288047214,0.0560411649765922,0.316530891362293,0.706310604693094,0.925991971401335,TRUE,TRUE,FALSE
"LU_2023","baseline_3pct","top1",5,0.1339478878361,0.192384240852611,0.696472470797971,0.031520401686984,0.0463155080554806,0.0909823300167522,0.696472470797971,0.0909823300167522,0.234392767079224,0.518147103965137,0.874797837630806,TRUE,TRUE,FALSE
"LV_2023","baseline_3pct","top1",5,0.242545007622909,0.262011449761814,0.925760587918797,0.0961217249238119,0.100534488192464,0.0318351619987438,0.925760587918797,0.0318351619987438,0.510637186231456,0.863363670401259,0.988157505436335,TRUE,TRUE,FALSE
"MT_2023","baseline_3pct","top1",5,0.0757495133669622,0.0878212253452424,0.862542205135217,0.00596165651512612,0.00213122048421687,0.0484094647568753,0.862542205135217,0.0484094647568753,0.0710379039056551,0.767659654211741,0.957424756058692,TRUE,TRUE,FALSE
"NL_2023","baseline_3pct","top1",5,0.128644910257271,0.131825778070736,0.976967345586051,0.0129325484860424,0.0146695398903124,0.0527207051000736,0.976967345586051,0.0527207051000736,0.146345691820962,0.873634763589907,1.0802999275822,TRUE,FALSE,FALSE
"PT_2023","baseline_3pct","top1",5,0.165632380489739,0.197479873514,0.838741136443961,0.0152737020429027,0.0190547706635419,0.0260066791428461,0.838741136443961,0.0260066791428461,0.111943863938813,0.787768045323982,0.889714227563939,TRUE,TRUE,FALSE
"SI_2023","baseline_3pct","top1",5,0.145066238497823,0.489877380450441,0.300927456108206,0.0370218705240664,0.190318931927412,0.0773791017340461,0.300927456108206,0.0773791017340461,0.137648459460257,0.149264416709476,0.452590495506936,TRUE,TRUE,FALSE
"SK_2023","baseline_3pct","top1",5,0.0999648338887896,0.138357610526752,0.723751221067994,0.0130912443347479,0.0183647042298267,0.0742481505856303,0.723751221067994,0.0742481505856303,0.134721266429261,0.578224845920158,0.869277596215829,TRUE,TRUE,FALSE
"AT_2023","gradient","top1",5,0.171228646916261,0.194216267393937,0.885770291058137,0.0332039902660379,0.0449638026381359,0.0843491845376196,0.885770291058137,0.0843491845376196,0.266252405352319,0.720445889364403,1.05109469275187,TRUE,FALSE,FALSE
"BE_2023","gradient","top1",5,0.128922558327943,0.148853196120512,0.866059908531919,0.0316607768079972,0.0333622184310582,0.0915788212581082,0.866059908531919,0.0915788212581082,0.287962725550061,0.686565418866027,1.04555439819781,TRUE,FALSE,FALSE
"CY_2023","gradient","top1",5,0.10941154452209,0.11693057955565,0.937593481431533,0.0160423029984379,0.0201830931908019,0.0971003540882054,0.937593481431533,0.0971003540882054,0.211913676599051,0.74727678741865,1.12791017544442,TRUE,FALSE,FALSE
"DE_2023","gradient","top1",5,0.164452745911711,0.181040874057591,0.910161058216116,0.0199120538469827,0.0227049762929706,0.0909117821086088,0.910161058216116,0.0909117821086088,0.158351925946895,0.731973965283243,1.08834815114899,TRUE,FALSE,FALSE
"EE_2023","gradient","top1",5,0.222955987634084,0.229928122994093,0.96977379264208,0.0337456571835521,0.0325850302316117,0.0289903807202033,0.96977379264208,0.0289903807202033,0.201059248610811,0.912952646430481,1.02659493885368,TRUE,FALSE,FALSE
"ES_2023","gradient","top1",5,0.207722112069607,0.215784725515947,0.962786151654908,0.0343509489805083,0.0418063548406815,0.0612900892555907,0.962786151654908,0.0612900892555907,0.245203462187014,0.84265757671395,1.08291472659587,TRUE,FALSE,FALSE
"FR_2023","gradient","top1",5,0.165023822669503,0.18168225506694,0.908310074688915,0.0101165875615849,0.0134216978570111,0.0191919218795484,0.908310074688915,0.0191919218795484,0.0871959107629811,0.870693907805,0.945926241572829,TRUE,TRUE,FALSE
"GR_2023","gradient","top1",5,0.107628039773395,0.125688378029839,0.857881574116388,0.0105725305047761,0.0158301812463695,0.0775557987088417,0.857881574116388,0.0775557987088417,0.136774790601773,0.705872208647058,1.00989093958572,TRUE,FALSE,FALSE
"HR_2023","gradient","top1",5,0.101154211988748,0.107203511582102,0.943799267712074,0.0141358233512022,0.0156926810326243,0.0844249159539054,0.943799267712074,0.0844249159539054,0.190957297317582,0.778326432442419,1.10927210298173,TRUE,FALSE,FALSE
"HU_2023","gradient","top1",5,0.132598490191892,0.141148695903846,0.939424606193695,0.0083045818547411,0.00908559008987532,0.0167335129273056,0.939424606193695,0.0167335129273056,0.0843695832812382,0.906626920856176,0.972222291531214,TRUE,TRUE,FALSE
"LT_2023","gradient","top1",5,0.252053464873916,0.277302810796378,0.909373446875708,0.070163474708626,0.0772548344249906,0.0638095851128436,0.909373446875708,0.0638095851128436,0.357971437090708,0.784306660054535,1.03444023369688,TRUE,FALSE,FALSE
"LU_2023","gradient","top1",5,0.1339478878361,0.15038980055042,0.891361953742819,0.031520401686984,0.0348606968587903,0.119147398295686,0.891361953742819,0.119147398295686,0.294200812854222,0.657833053083274,1.12489085440236,TRUE,FALSE,FALSE
"LV_2023","gradient","top1",5,0.242545007622909,0.253043523235101,0.958520308589268,0.0961217249238119,0.0988784110283011,0.0365843258061822,0.958520308589268,0.0365843258061822,0.533459467209183,0.886815030009151,1.03022558716939,TRUE,FALSE,FALSE
"MT_2023","gradient","top1",5,0.0757495133669622,0.0753329034582859,1.00553025158398,0.00596165651512612,0.000895813171705157,0.0891365933157394,1.00553025158398,0.0891365933157394,0.0800357113785743,0.830822528685134,1.18023797448283,FALSE,FALSE,FALSE
"NL_2023","gradient","top1",5,0.128644910257271,0.126518551780385,1.01731729883606,0.0129325484860424,0.013546281497094,0.0540412976582081,1.01731729883606,0.0540412976582081,0.149335537230833,0.911396355425971,1.12323824224615,FALSE,FALSE,FALSE
"PT_2023","gradient","top1",5,0.165632380489739,0.169645350439424,0.976716676205176,0.0152737020429027,0.0174571000208347,0.0412831364765545,0.976716676205176,0.0412831364765545,0.134907549811808,0.895801728711129,1.05763162369922,TRUE,FALSE,FALSE
"SI_2023","gradient","top1",5,0.145066238497823,0.161986387057538,0.898783936325601,0.0370218705240664,0.0446891476618915,0.0514981226049257,0.898783936325601,0.0514981226049257,0.336564893206579,0.797847616019946,0.999720256631255,TRUE,TRUE,FALSE
"SK_2023","gradient","top1",5,0.0999648338887896,0.110442259278903,0.909024432240019,0.0130912443347479,0.0165117666584444,0.115718970843376,0.909024432240019,0.115718970843376,0.179896307155306,0.682215249387002,1.13583361509304,TRUE,FALSE,FALSE
"AT_2023","baseline_3pct","top10",5,0.514825673928678,-7.07653730377872,-0.250408544100143,0.0241800731729612,86.6843033548007,0.43687236333573,-0.250408544100143,0.43687236333573,0.891173474795635,-1.10667837623817,0.605861288037888,TRUE,TRUE,FALSE
"BE_2023","baseline_3pct","top10",5,0.427404403008486,0.49948735229477,0.855690410989649,0.0304041554298367,0.0577750997678869,0.0495589641340741,0.855690410989649,0.0495589641340741,0.116196082793626,0.758554841286864,0.952825980692435,TRUE,TRUE,FALSE
"CY_2023","baseline_3pct","top10",5,0.428953303230198,0.531103206533102,0.807606149853201,0.0210137021820113,0.027468194415249,0.029551955955944,0.807606149853201,0.029551955955944,0.0575356860611091,0.74968431617955,0.865527983526851,TRUE,TRUE,FALSE
"DE_2023","baseline_3pct","top10",5,0.536086762234248,0.696855568023659,0.769397006134993,0.0277903272458727,0.0331564279892167,0.0425812616729576,0.769397006134993,0.0425812616729576,0.0541310116330087,0.685937733255996,0.85285627901399,TRUE,TRUE,FALSE
"EE_2023","baseline_3pct","top10",5,0.516891052786238,0.554121251407649,0.932816224693588,0.0255852440395344,0.0265136084652328,0.0125735486939635,0.932816224693588,0.0125735486939635,0.0642186709854501,0.908172069253419,0.957460380133756,TRUE,TRUE,FALSE
"ES_2023","baseline_3pct","top10",5,0.527479189201106,0.715721013810082,0.737036888074429,0.022823913145343,0.0644562053358272,0.0525039777570017,0.737036888074429,0.0525039777570017,0.0736350999175674,0.634129091670705,0.839944684478152,TRUE,TRUE,FALSE
"FR_2023","baseline_3pct","top10",5,0.506429937749239,0.761549568787756,0.664999309966626,0.0150192483804478,0.0520823361321726,0.0395631388540972,0.664999309966626,0.0395631388540972,0.0495713577734493,0.587455557812595,0.742543062120656,TRUE,TRUE,FALSE
"GR_2023","baseline_3pct","top10",5,0.422374302312333,1.0029013183984,0.566325306400068,0.0164311306389371,3.10455766497141,0.278743711748765,0.566325306400068,0.278743711748765,1.30381239264012,0.0199876313724882,1.11266298142765,TRUE,FALSE,FALSE
"HR_2023","baseline_3pct","top10",5,0.392231673259549,0.453276934192006,0.865322167474674,0.0173504661569237,0.0201949780543761,0.0168247434804079,0.865322167474674,0.0168247434804079,0.0543280024797364,0.832345670253074,0.898298664696273,TRUE,TRUE,FALSE
"HU_2023","baseline_3pct","top10",5,0.447732921766431,0.497438532353049,0.900076869146761,0.00913435087002206,0.0109104301536717,0.00934200041264843,0.900076869146761,0.00934200041264843,0.026961485117774,0.881766548337971,0.918387189955552,TRUE,TRUE,FALSE
"LT_2023","baseline_3pct","top10",5,0.478240701677761,0.565872201408495,0.845120241581369,0.057181927313022,0.0601252654870773,0.0250183397037578,0.845120241581369,0.0250183397037578,0.135184993762963,0.796084295762004,0.894156187400735,TRUE,TRUE,FALSE
"LU_2023","baseline_3pct","top10",5,0.467066715474836,0.614412019655914,0.760706423617278,0.0257619397941031,0.0644644187508992,0.0677339876820074,0.760706423617278,0.0677339876820074,0.0901086619865718,0.627947807760544,0.893465039474013,TRUE,TRUE,FALSE
"LV_2023","baseline_3pct","top10",5,0.575192747628135,0.602979033907202,0.953908021707937,0.0642269533956485,0.0661188874574099,0.0140296291192468,0.953908021707937,0.0140296291192468,0.149288226433515,0.926409948634214,0.981406094781661,TRUE,TRUE,FALSE
"MT_2023","baseline_3pct","top10",5,0.346260832998801,0.418611595167059,0.827164935220238,0.0249651891045428,0.0412501973310454,0.024272482285643,0.827164935220238,0.024272482285643,0.100997314384691,0.779590869940377,0.874739000500098,TRUE,TRUE,FALSE
"NL_2023","baseline_3pct","top10",5,0.447385071115032,0.467515349980432,0.957488049269379,0.0133575169384393,0.0209413201877881,0.0293532463788341,0.957488049269379,0.0293532463788341,0.0515135947757437,0.899955686366865,1.01502041217189,TRUE,FALSE,FALSE
"PT_2023","baseline_3pct","top10",5,0.496164791760331,0.576259350258772,0.861116650588687,0.0125955264629276,0.0182665541377756,0.0194139330657943,0.861116650588687,0.0194139330657943,0.0349662322274046,0.82306534177973,0.899167959397644,TRUE,TRUE,FALSE
"SI_2023","baseline_3pct","top10",5,0.415665076390352,1.32017930128059,0.322134418320412,0.0318254149084203,0.47737561983971,0.079896133564658,0.322134418320412,0.079896133564658,0.116375499962386,0.165537996533682,0.478730840107141,TRUE,TRUE,FALSE
"SK_2023","baseline_3pct","top10",5,0.358308915792704,0.459743413008464,0.779418584926855,0.0155602407396258,0.0218471914019237,0.0214195914703839,0.779418584926855,0.0214195914703839,0.0501714119181689,0.737436185644903,0.821400984208808,TRUE,TRUE,FALSE
"AT_2023","gradient","top10",5,0.514825673928678,0.568018959132136,0.907144769220301,0.0241800731729612,0.0389400294286797,0.0451322275440412,0.907144769220301,0.0451322275440412,0.0753179355441327,0.81868560323398,0.995603935206622,TRUE,TRUE,FALSE
"BE_2023","gradient","top10",5,0.427404403008486,0.439361679418082,0.972786247728926,0.0304041554298367,0.0318659622702329,0.0209411104536023,0.972786247728926,0.0209411104536023,0.0988261647975252,0.931741671239865,1.01383082421799,TRUE,FALSE,FALSE
"CY_2023","gradient","top10",5,0.428953303230198,0.429178977631782,0.99947649669646,0.0210137021820113,0.0224315686401153,0.0242658764137242,0.99947649669646,0.0242658764137242,0.0715976221228807,0.95191537892556,1.04703761446736,TRUE,FALSE,FALSE
"DE_2023","gradient","top10",5,0.536086762234248,0.556459720160332,0.963389382151142,0.0277903272458727,0.026948281935378,0.0134482849726615,0.963389382151142,0.0134482849726615,0.068343459918562,0.937030743604725,0.989748020697558,TRUE,TRUE,FALSE
"EE_2023","gradient","top10",5,0.516891052786238,0.527436966871154,0.980006390591039,0.0255852440395344,0.0248598735347744,0.00839576216273031,0.980006390591039,0.00839576216273031,0.0669827589369273,0.963550696752088,0.996462084429991,TRUE,TRUE,FALSE
"ES_2023","gradient","top10",5,0.527479189201106,0.52771067885977,0.999610058270834,0.022823913145343,0.0285719815131953,0.0239896940419254,0.999610058270834,0.0239896940419254,0.0692788183366652,0.952590257948661,1.04662985859301,TRUE,FALSE,FALSE
"FR_2023","gradient","top10",5,0.506429937749239,0.516072063017402,0.981316320027504,0.0150192483804478,0.0173059402592937,0.00766242843457573,0.981316320027504,0.00766242843457573,0.0439304386742817,0.966297960295736,0.996334679759273,TRUE,TRUE,FALSE
"GR_2023","gradient","top10",5,0.422374302312333,0.44430350228637,0.951699212363908,0.0164311306389371,0.0279546761112257,0.0421782433457924,0.951699212363908,0.0421782433457924,0.0703220819936636,0.869029855406155,1.03436856932166,TRUE,FALSE,FALSE
"HR_2023","gradient","top10",5,0.392231673259549,0.398416323744731,0.984474510062619,0.0173504661569237,0.0186286510801103,0.0165528441594696,0.984474510062619,0.0165528441594696,0.0633666020762597,0.952030935510058,1.01691808461518,TRUE,FALSE,FALSE
"HU_2023","gradient","top10",5,0.447732921766431,0.45719996598954,0.979293439582304,0.00913435087002206,0.00997199004607169,0.00541497254444829,0.979293439582304,0.00541497254444829,0.02924686476539,0.968680093395185,0.989906785769422,TRUE,TRUE,FALSE
"LT_2023","gradient","top10",5,0.478240701677761,0.504391086826245,0.948206553904493,0.057181927313022,0.0612302891477153,0.0102208148656212,0.948206553904493,0.0102208148656212,0.161556591777867,0.928173756767876,0.968239351041111,TRUE,TRUE,FALSE
"LU_2023","gradient","top10",5,0.467066715474836,0.468385985375922,0.99719697092039,0.0257619397941031,0.0282718165525815,0.020927663823367,0.99719697092039,0.020927663823367,0.0815353385304613,0.95617874982659,1.03821519201419,TRUE,FALSE,FALSE
"LV_2023","gradient","top10",5,0.575192747628135,0.5821441691339,0.988048611560224,0.0642269533956485,0.0669906029935577,0.0104129276018521,0.988048611560224,0.0104129276018521,0.158430917310041,0.967639273460594,1.00845794965985,TRUE,FALSE,FALSE
"MT_2023","gradient","top10",5,0.346260832998801,0.35786007282984,0.967587219945169,0.0249651891045428,0.0263127621803309,0.00475618304959055,0.967587219945169,0.00475618304959055,0.0996412722979062,0.958265101167972,0.976909338722367,TRUE,TRUE,FALSE
"NL_2023","gradient","top10",5,0.447385071115032,0.450355394540162,0.993461566690934,0.0133575169384393,0.0149505562411475,0.00968323141176152,0.993461566690934,0.00968323141176152,0.0443540289049138,0.974482433123882,1.01244070025799,TRUE,FALSE,FALSE
"PT_2023","gradient","top10",5,0.496164791760331,0.510745605346152,0.971478106228961,0.0125955264629276,0.015560331333895,0.0151212298398427,0.971478106228961,0.0151212298398427,0.0385240312272129,0.941840495742869,1.00111571671505,TRUE,FALSE,FALSE
"SI_2023","gradient","top10",5,0.415665076390352,0.448288527020176,0.927628614630825,0.0318254149084203,0.0379327152640952,0.0171033583387348,0.927628614630825,0.0171033583387348,0.105810332957926,0.894106032286904,0.961151196974745,TRUE,TRUE,FALSE
"SK_2023","gradient","top10",5,0.358308915792704,0.374083593907228,0.957846999369391,0.0155602407396258,0.0168414741021863,0.0149779141156436,0.957846999369391,0.0149779141156436,0.0599142361591648,0.928490287702729,0.987203711036052,TRUE,TRUE,FALSE
