"country","decile","min_n","mean_nwx","mean_wt","share_vol","share_recip"
"AT",1,249,-2612969.31827254,3265346.86427608,0.825867605171561,0.997445156570067
"AT",2,307,-67821.7445110924,197496.444728658,0.0502616092890684,0.812433738685271
"AT",3,356,1366.67168686126,4604.95857263545,0.00116652871327757,0.154504790663517
"AT",4,322,9495.52044664655,8462.70659777733,0.00217258016520704,0.119797560591246
"AT",5,335,22919.9856575398,15587.8752823853,0.00412756466468201,0.133291105711432
"AT",6,292,51317.0661763386,27361.083844182,0.00689081941269866,0.198174106420978
"AT",7,245,143097.405293935,89958.4035621041,0.0229906290686319,0.423340366088576
"AT",8,253,268744.387525215,61558.7243875998,0.0158084406101013,0.323320708274306
"AT",9,224,410115.632640593,87644.7658587367,0.0222906141914445,0.442114299237293
"AT",10,210,1209482.31997388,190994.555077332,0.0484236087133277,0.471249413801809
"BE",1,212,-245917.744819082,472458.476036289,0.492811492124814,0.811900290850881
"BE",2,161,3329.42848097404,3098.02209547552,0.00319704705476171,0.093450844109971
"BE",3,171,20228.2739382016,19159.1650231364,0.0198821081978062,0.176369396220703
"BE",4,150,78665.9356097773,49775.7992396593,0.0515938662122611,0.257555079815524
"BE",5,159,156177.508970894,38107.4204882026,0.039250996959248,0.338671635023072
"BE",6,168,230953.477922839,57883.9696555835,0.0602100129877271,0.342506845287954
"BE",7,206,306127.143584189,48538.9763908563,0.0500865929101807,0.307836906125121
"BE",8,232,420886.150878612,85079.4053568325,0.0884189565717225,0.382296272195257
"BE",9,264,617204.508260679,99658.7557609775,0.102899165107818,0.423715343507709
"BE",10,280,1570882.30028848,88676.8623967911,0.0916497618736606,0.382622524765506
"CY",1,112,-346682.971830093,561981.922414333,0.495461440777351,0.895267961790744
"CY",2,93,-12028.4317764269,92295.3136319344,0.0810247029500106,0.300697424586264
"CY",3,95,7530.87165004931,24768.5000990611,0.021846258507855,0.0936936385499895
"CY",4,121,54249.0742796991,50532.1120129891,0.0442812463320852,0.300187480101806
"CY",5,107,133713.509254905,63394.403613352,0.0557163355431963,0.221039450006259
"CY",6,110,200221.856675847,45188.8192932151,0.0393865055706139,0.255169249734922
"CY",7,127,287363.486798732,37700.817828444,0.0329476665491998,0.198212655830115
"CY",8,125,392311.793299263,62936.2626041903,0.0549267060293493,0.253114739930563
"CY",9,139,591970.371213562,61323.8111093825,0.0537038580210767,0.324365503509874
"CY",10,173,1468797.35810107,138846.739356473,0.120705279719262,0.303483959778718
"DE",1,330,-486009.887125718,708573.075935638,0.695465542150995,0.681985754227815
"DE",2,217,97.2366845794175,4422.99934841363,0.00434395484389529,0.0891612247216683
"DE",3,232,5885.79558619819,2967.72943562712,0.00295462782916774,0.104671362993752
"DE",4,256,16268.3072146749,13389.7783968812,0.0128880435397846,0.132686939560579
"DE",5,307,41181.8063203287,33259.6814272779,0.0324882971198962,0.185846234623174
"DE",6,314,96096.4622977463,33104.8655721879,0.032403428070447,0.237101141633616
"DE",7,342,184316.888252481,51552.5135034881,0.0502596357599122,0.286568189085199
"DE",8,441,318616.137373843,46444.201333325,0.0454777071037404,0.227900562210001
"DE",9,558,507456.821464393,46672.4975257193,0.0456127421340773,0.196391473246649
"DE",10,910,1560758.05584952,80076.0085052875,0.0781060214480843,0.263726770373164
"EE",1,222,-63216.099212454,115546.091791757,0.562294669221669,0.391188332150642
"EE",2,209,7942.42799480691,6190.53088754973,0.0300607860727896,0.106348283546099
"EE",3,228,25663.4890706562,7816.07013311103,0.0379113911703146,0.117073498559813
"EE",4,239,50162.5179479464,9243.13826217435,0.0448436530270999,0.151977157863756
"EE",5,235,76128.8248393743,10500.8306458359,0.0509836153010581,0.147689032635695
"EE",6,247,105349.581897984,6850.94206822227,0.0333085537245677,0.121302979182529
"EE",7,267,142884.267600602,8836.84389604213,0.0428314663454751,0.16388282525782
"EE",8,279,199447.736412117,6660.05033145712,0.0324393594679925,0.162003234163386
"EE",9,308,303255.203657995,12298.3022251199,0.0594993644426136,0.17520721671785
"EE",10,311,1052149.43953727,21844.8655287045,0.10582714122642,0.197757003766778
"ES",1,592,-548672.02488995,923112.076505222,0.646172697110229,0.882837034151985
"ES",2,442,-2006.81043511518,19473.2752645857,0.0136525955126843,0.193254165580343
"ES",3,482,10136.0650496883,19831.0324490761,0.0138533691340489,0.183584189776208
"ES",4,464,41109.2300898324,37273.5983234226,0.026027916786998,0.306119141422149
"ES",5,491,80132.5044500732,33751.2364908835,0.0235911350183337,0.341777529290674
"ES",6,549,124595.839435649,30189.7126673775,0.0211321646896766,0.388411334917551
"ES",7,518,177388.247587956,38575.7886894063,0.0269192784673959,0.399161860565889
"ES",8,576,247406.490122488,58233.9167150911,0.0407123996328768,0.445943548058159
"ES",9,652,380750.308794329,76862.5033245988,0.0538454251973307,0.515386417568893
"ES",10,1560,1280843.82915141,192312.999331738,0.134093018450426,0.575470065048988
"FR",1,1133,-724876.730548864,984664.204184397,0.664671809107165,0.953697065509242
"FR",2,587,918.839706215748,9909.11997679781,0.00669659885101714,0.222668951197165
"FR",3,575,8894.69057139738,10085.3164515928,0.0068015533299178,0.177376080526787
"FR",4,683,24158.4984719558,23176.7466888286,0.0156376397057407,0.264234065981335
"FR",5,855,58192.4981791045,35883.9483208604,0.0242145422139257,0.34794680567715
"FR",6,1093,121395.40299215,52470.7874512743,0.0354686124426967,0.449495573048517
"FR",7,1156,195774.854349008,45522.5732336189,0.0306788145239465,0.459245143188287
"FR",8,1297,295720.235499473,68434.1944903213,0.0461808874702602,0.507180458379657
"FR",9,1548,458537.641748963,80999.4988415596,0.054723562764538,0.528435643051219
"FR",10,2985,1399903.10153557,170454.465474097,0.114925979590793,0.648616209280516
"GR",1,301,-400909.166345971,575527.15190394,0.671662409176288,0.989541042998071
"GR",2,346,-32173.3205759185,86466.3985710852,0.0775988776312409,0.483246601411822
"GR",3,395,3142.83269355141,19287.2958789362,0.0179666635017516,0.178963934471224
"GR",4,393,18471.8960040237,21396.2788851456,0.0318294961074406,0.161031258256277
"GR",5,305,43529.2992635803,27151.1333280547,0.0328714451404285,0.21520741885534
"GR",6,320,75398.3555830998,23626.5909122779,0.0270144971887225,0.198060317866103
"GR",7,298,112638.081454021,21789.521128475,0.0245594154632588,0.166108310535783
"GR",8,293,162725.212058005,28698.9019553568,0.0368874029000388,0.135719050496213
"GR",9,297,241035.809427627,20056.83729964,0.025468226639204,0.118527144597701
"GR",10,378,620980.813350828,43152.597403714,0.0541415662516261,0.192551121363553
"HR",1,157,-80056.3158807769,184968.756081455,0.497692484570195,0.957216599534012
"HR",2,146,3262.93610616158,20325.0550220354,0.0544812468017643,0.269656831573952
"HR",3,148,24280.4460238682,22468.8206237921,0.0605533589554968,0.241960455390819
"HR",4,134,51437.8324708337,29154.6042303091,0.078074287118156,0.211774673136682
"HR",5,147,76604.632860296,16719.332661029,0.0447920800001849,0.190628472982755
"HR",6,146,107697.892014312,11544.8062558982,0.0310559929958109,0.124941971702187
"HR",7,130,143836.378610851,27370.4911139891,0.0732213474794691,0.163551086103737
"HR",8,123,192376.746285722,15337.5910167553,0.0413578415218047,0.197415424302274
"HR",9,133,282436.64516157,17713.8103624354,0.0473417057184462,0.116607108920303
"HR",10,147,662723.859091897,26750.1657511248,0.0714296548386725,0.186538513722195
"HU",1,677,-64427.1059891074,109453.352542452,0.525853830581909,0.732501024610773
"HU",2,692,3135.8004941982,6244.25395369569,0.0299679973403981,0.16143202395172
"HU",3,656,18806.4881800025,8383.74632654036,0.0403306481713012,0.214453244507452
"HU",4,618,37777.3148221077,8231.56802148522,0.0394530466040024,0.219428836570694
"HU",5,637,56504.9633120849,6102.48565746426,0.0293119416055366,0.177854046709988
"HU",6,612,76631.7433863685,8765.76989902896,0.0420934417404745,0.185578585229087
"HU",7,672,101199.977268285,10094.2746020301,0.0484106992644637,0.183700673385127
"HU",8,678,136528.627495152,9966.3075812342,0.0478895789147152,0.193937936467247
"HU",9,746,202975.926885052,14118.607573388,0.0677115202176167,0.233957989343013
"HU",10,943,562731.152255051,26890.5865200638,0.128977295559583,0.292796928135951
"LT",1,154,-90247.9733186969,181318.304076586,0.66978972529187,0.969989399387175
"LT",2,136,3997.19300033801,17731.1589377929,0.0658445494957317,0.306521573807664
"LT",3,115,19339.6104597226,14900.7694125824,0.0547590980944255,0.295143531010032
"LT",4,116,34701.1654695382,5807.63647185761,0.0212616104783178,0.168775299726197
"LT",5,129,50012.6401390038,10251.189322881,0.037999891901141,0.259010986146021
"LT",6,154,66484.8489404113,6266.83955534423,0.0228931228760159,0.119472124441587
"LT",7,200,84266.7945607185,6076.91170116712,0.0224693344017361,0.110290256694502
"LT",8,204,108595.268425579,7414.88639080854,0.0272539576456877,0.197257200797351
"LT",9,218,153496.63221012,11043.8380524945,0.0407386466799058,0.206710721077506
"LT",10,240,562102.111120391,10128.8814240827,0.0369900631351689,0.167347641142528
"LU",1,302,-1879948.7637072,2804902.62691438,0.730308997531562,0.730805075173747
"LU",2,200,10802.5714369345,7919.94793664639,0.00204744249367554,0.027099733746149
"LU",3,284,62727.7328776101,27015.3005892202,0.00699508475926909,0.0510754884322598
"LU",4,287,174279.275268369,100692.742830136,0.0261501853304525,0.131545449005249
"LU",5,355,379763.318669528,114051.78584383,0.0296402702192698,0.194188716848516
"LU",6,405,616619.624600797,96103.7913775534,0.025124420523249,0.194387807557408
"LU",7,382,863777.427946787,106309.686181288,0.0272837397199524,0.185980285631799
"LU",8,407,1139381.7575903,100661.438500626,0.0261512723200105,0.157931808506402
"LU",9,462,1634360.82323511,112961.241146642,0.0295910387538406,0.203011808074902
"LU",10,473,4760401.01341119,373713.734856506,0.0967075483487184,0.260239629184373
"LV",1,91,-25268.0805836928,38264.7212671585,0.501948434727237,0.323844176183618
"LV",2,103,3150.69143938184,2011.63109172753,0.0256077002583045,0.0574026804109497
"LV",3,87,11615.5127858858,8433.12408270907,0.106022584213107,0.0691330335299989
"LV",4,92,22590.138539953,3491.90341395047,0.045148555875536,0.080371595291558
"LV",5,104,34857.5951758857,3303.13936220815,0.0424188117945077,0.124633424363455
"LV",6,96,47383.6915463459,2727.64637513975,0.0348642400158774,0.103322236569835
"LV",7,107,63164.3754480832,2346.87504949141,0.0300074483438425,0.113807661535699
"LV",8,114,84146.381119379,1462.82167037648,0.0190101096791383,0.144982155327223
"LV",9,156,122484.574089262,7191.62065323837,0.0915146814362105,0.158915090288052
"LV",10,195,552667.716933676,8126.10987839589,0.103457433656239,0.121036070488529
"MT",1,101,-338768.914492382,630048.888392421,0.538076622195116,0.887708105707697
"MT",2,81,9667.9327307705,2572.9581349828,0.00212965528314307,0.098947511681713
"MT",3,84,54845.9019829727,37836.3185443505,0.0308779907084339,0.173027823571932
"MT",4,106,161763.773413973,84711.7489216262,0.0710330452941616,0.465584829077244
"MT",5,97,257831.92570424,62983.4636910944,0.0516153555953115,0.345012350736164
"MT",6,98,326970.547215025,81064.3116937145,0.0669472744302257,0.447336844952975
"MT",7,115,426693.298518395,51228.9461306672,0.0436379468224916,0.30716475308593
"MT",8,125,581682.07810296,81564.2586670165,0.0660815989195431,0.469291380915722
"MT",9,110,823341.234818242,42152.1160297596,0.035350825724404,0.358452879862454
"MT",10,106,1625298.28422607,115118.893513602,0.0942496850271701,0.544923856471145
"NL",1,191,-91282.4303838489,111097.927210138,0.464967567558422,0.280246008411324
"NL",2,199,3332.30662472258,1796.64398021524,0.00840752063664286,0.0231222469597379
"NL",3,202,13763.8262715525,4755.98805318969,0.0216016733528173,0.0801189488627223
"NL",4,208,37015.7853323126,4181.99753735179,0.0187910651608699,0.0483388632265026
"NL",5,221,91482.1220031158,13913.7304881763,0.0639859972867374,0.158049287375814
"NL",6,236,166054.01174468,14485.9401004899,0.0677502618791443,0.165115711803338
"NL",7,272,241879.195553675,11279.0358677308,0.0524164483652772,0.122025370393326
"NL",8,287,331911.520655148,11706.7500356054,0.0536470179877673,0.100245666114141
"NL",9,325,467193.388316719,13948.3580403082,0.0650406570744358,0.139738757678467
"NL",10,337,1104164.8950915,39845.8330222999,0.183391790697886,0.183625305985834
"PT",1,544,-261986.786213671,442674.708119242,0.642699698962092,0.803161681156062
"PT",2,490,869.388200439621,4595.6344706208,0.00669553409522566,0.0428569354490843
"PT",3,456,13679.2532066008,12591.2545548503,0.0183610431571784,0.163646258305736
"PT",4,493,52675.4593746842,24222.312789202,0.0351743281738344,0.30860584680858
"PT",5,522,99579.5172659064,21419.7068106072,0.031281617215116,0.256922357711431
"PT",6,521,147074.924650758,15207.7254393695,0.0220859832138244,0.204812437955003
"PT",7,549,203484.797403725,24282.9052575639,0.0351963834622047,0.237612084854777
"PT",8,567,282918.118868462,19586.6440351316,0.0284167906805904,0.271085249517947
"PT",9,603,437796.607597344,34704.1841459499,0.0505086255335983,0.284489287968929
"PT",10,616,1323996.12927204,89206.5058800975,0.129579995506335,0.339292153748548
"SI",1,197,-861565.959922039,1167081.74017866,0.688126558587424,1
"SI",2,204,-158594.714028316,327124.183428906,0.192625306580873,0.985931573712253
"SI",3,181,-4432.60515635695,37827.8379581022,0.022400158632033,0.228800955549016
"SI",4,172,11742.9106715186,9740.59893785792,0.00554712342001181,0.0896276070002886
"SI",5,176,56951.2292029848,27682.0618800589,0.0164480353135361,0.197779111806158
"SI",6,198,105815.635452009,19216.7696545942,0.0111826325726379,0.122328472133445
"SI",7,204,153045.787595647,17321.8503774213,0.0101908661219958,0.143297664571646
"SI",8,206,207294.256654334,18111.269317388,0.0107700016334498,0.18047515721815
"SI",9,199,303059.714382259,20488.3603088327,0.0119346776451471,0.124270429115619
"SI",10,203,852250.499306619,52264.4893865595,0.0307746394928909,0.219331900026095
"SK",1,207,-144762.761817315,282009.342499259,0.576451728807691,0.989715016970501
"SK",2,204,-3134.68322291496,43463.5426136815,0.0884762200322678,0.516971238372239
"SK",3,185,20310.0645573628,33950.5150130807,0.0691108208710559,0.509983030434061
"SK",4,209,55017.7198828735,32921.0818490139,0.0670817088002645,0.392576522365833
"SK",5,184,81912.8185417954,19718.1581342652,0.0401378912225845,0.326808781726518
"SK",6,205,106107.786235471,12698.7368320674,0.0258367528103764,0.293242904182469
"SK",7,198,133564.213314439,12725.6384681215,0.0259399373094059,0.290672713401024
"SK",8,193,169989.300107002,9540.51945606744,0.0194603590551525,0.228705386008331
"SK",9,204,227870.309971237,10068.3534794952,0.0204778756263182,0.255516934684626
"SK",10,291,547763.904175782,33047.8277014354,0.0670267054648833,0.386686688050098
