"country","stat_name","estimate","se","ci_lo","ci_hi"
"AT_2023","baseline_3pct_p1",-0.171134243717017,0.161558548486969,-0.487788998751477,0.145520511317443
"AT_2023","baseline_3pct_p2",1.17113424371702,0.161558548486969,0.854479488682557,1.48778899875148
"AT_2023","baseline_3pct_cv2nwx",59803.4324287845,137821.881169638,-210327.454663706,329934.319521275
"AT_2023","baseline_3pct_cv2wt",57.9174215059076,19.7965143380221,19.1162534033843,96.7185896084308
"AT_2023","baseline_3pct_cc",-79.8433633608436,49.8347314130409,-177.519436930404,17.8327102087165
"AT_2023","baseline_3pct_dcv2_total",-59797.6271406592,137819.229379459,-329923.316724399,210328.062443081
"AT_2023","baseline_3pct_dcv2_mech",-59722.1204788835,137832.286297237,-329873.401621469,210429.160663702
"AT_2023","baseline_3pct_dcv2_dist",-75.5066617757152,49.2896794335632,-172.114433465499,21.1011099140686
"AT_2023","baseline_3pct_mech_share",0.955101087485337,0.0625266054348941,0.832548940832945,1.07765323413773
"AT_2023","baseline_3pct_identity_resid",4.44089209850063e-15,3.03569977019992e-14,-5.50588233974178e-14,6.39406075944191e-14
"AT_2023","capped_3pct_p1",0.622822269133604,0.0118233338963543,0.59964853469675,0.645996003570459
"AT_2023","capped_3pct_p2",0.377177730866396,0.0118233338963544,0.354003996429541,0.40035146530325
"AT_2023","capped_3pct_cv2nwx",8.78177569781469,6.8780371864555,-4.69917718763809,22.2627285832675
"AT_2023","capped_3pct_cv2wt",13.1055436152026,0.784872004945993,11.5671944855085,14.6438927448968
"AT_2023","capped_3pct_cc",0.239440616616284,0.0474296442959776,0.146478513796168,0.3324027194364
"AT_2023","capped_3pct_dcv2_total",-2.97648757248904,4.19031543169792,-11.189505818617,5.23653067363889
"AT_2023","capped_3pct_dcv2_mech",-5.32223593699243,4.0252794071562,-13.2117835750186,2.56731170103372
"AT_2023","capped_3pct_dcv2_dist",2.34574836450339,0.195393985311906,1.96277615329205,2.72872057571472
"AT_2023","capped_3pct_mech_share",2.88115307964444,1.42166928392283,0.0946812831556931,5.66762487613318
"AT_2023","capped_3pct_identity_resid",5.32907051820075e-16,5.32907051820075e-16,-5.11590769747272e-16,1.57740487338742e-15
"AT_2023","gradient_p1",0.652134348496675,0.0312930042611544,0.590800060144813,0.713468636848538
"AT_2023","gradient_p2",0.347865651503325,0.0312930042611544,0.286531363151462,0.409199939855187
"AT_2023","gradient_cv2nwx",11.8138261614829,6.30173127193426,-0.53756713150822,24.1652194544741
"AT_2023","gradient_cv2wt",27.9546977218314,12.9420437273767,2.58829201617316,53.3211034274896
"AT_2023","gradient_cc",-1.38502752193105,1.79412702431003,-4.90151648957871,2.13146144571661
"AT_2023","gradient_dcv2_total",-6.00853803615728,4.66266026023072,-15.1473521462095,3.13027607389494
"AT_2023","gradient_dcv2_mech",-6.79843982863966,3.59985461717023,-13.8541548782933,0.257275221013999
"AT_2023","gradient_dcv2_dist",0.789901792482381,1.48713888963945,-2.12489043121093,3.7046940161757
"AT_2023","gradient_mech_share",1.56626276012059,0.861140072764415,-0.12157178249766,3.25409730273885
"AT_2023","gradient_identity_resid",3.5527136788005e-16,1.89663009778075e-15,-3.36212362377022e-15,4.07266635953032e-15
"BE_2023","baseline_3pct_p1",0.765505648800785,0.000894989037660518,0.76375147028697,0.7672598273146
"BE_2023","baseline_3pct_p2",0.234494351199215,0.000894989037660563,0.2327401726854,0.23624852971303
"BE_2023","baseline_3pct_cv2nwx",5.99461286009577,0.0513112647086572,5.8940427812668,6.09518293892474
"BE_2023","baseline_3pct_cv2wt",18.7606216961409,0.0801778237913938,18.6034731615097,18.917770230772
"BE_2023","baseline_3pct_cc",-0.663480099675985,0.00442469229837911,-0.672152496580808,-0.654807702771162
"BE_2023","baseline_3pct_dcv2_total",-2.77717638533977,0.0273521101917917,-2.83078652131569,-2.72356624936386
"BE_2023","baseline_3pct_dcv2_mech",-2.48181685227009,0.0290145449500141,-2.53868536037212,-2.42494834416806
"BE_2023","baseline_3pct_dcv2_dist",-0.295359533069685,0.00651036458867401,-0.308119847663486,-0.282599218475884
"BE_2023","baseline_3pct_mech_share",0.893638375861442,0.00270248675438237,0.888341501822852,0.898935249900031
"BE_2023","baseline_3pct_identity_resid",4.44089209850063e-16,1.49941774695376e-15,-2.4947695741793e-15,3.38294799387943e-15
"BE_2023","capped_3pct_p1",0.824665931621853,0.000838191493884839,0.823023076293838,0.826308786949867
"BE_2023","capped_3pct_p2",0.175334068378147,0.000838191493884872,0.173691213050133,0.176976923706162
"BE_2023","capped_3pct_cv2nwx",4.33806912521417,0.036489677030789,4.26654935823382,4.40958889219451
"BE_2023","capped_3pct_cv2wt",7.86694541335899,0.046383902080244,7.77603296528171,7.95785786143626
"BE_2023","capped_3pct_cc",0.0127047252419813,0.00274985902679976,0.00731500154945376,0.0180944489345088
"BE_2023","capped_3pct_dcv2_total",-1.12063265045817,0.0114325861416393,-1.14304051929578,-1.09822478162056
"BE_2023","capped_3pct_dcv2_mech",-1.38788491756686,0.0166556294632507,-1.42052995131483,-1.35523988381889
"BE_2023","capped_3pct_dcv2_dist",0.26725226710869,0.00669631114715013,0.254127497260276,0.280377036957104
"BE_2023","capped_3pct_mech_share",1.23847279555583,0.00471586327528132,1.22922970353628,1.24771588757539
"BE_2023","capped_3pct_identity_resid",8.88178419700125e-17,4.07014483890208e-16,-7.08930546454795e-16,8.8656623039482e-16
"BE_2023","gradient_p1",0.850894796908608,0.00159227288979907,0.847773942044602,0.854015651772614
"BE_2023","gradient_p2",0.149105203091392,0.00159227288979908,0.145984348227386,0.152226057955398
"BE_2023","gradient_cv2nwx",3.95037227120407,0.036674662912713,3.87848993189515,4.02225461051298
"BE_2023","gradient_cv2wt",11.0407207130845,0.469068676961699,10.1213461062395,11.9600953199294
"BE_2023","gradient_cc",0.0558757240142452,0.00452644224040255,0.0470038972230562,0.0647475508054342
"BE_2023","gradient_dcv2_total",-0.732935796448068,0.0118050395784722,-0.756073674021874,-0.709797918874263
"BE_2023","gradient_dcv2_mech",-1.09026091143828,0.019579202631573,-1.12863614859617,-1.0518856742804
"BE_2023","gradient_dcv2_dist",0.357325114990215,0.00979373548472643,0.338129393440151,0.376520836540278
"BE_2023","gradient_mech_share",1.48751775371896,0.010244916937512,1.46743771652144,1.50759779091649
"BE_2023","gradient_identity_resid",-8.88178419700125e-17,5.32907051820075e-16,-1.13331566353736e-15,9.55679979597335e-16
"CY_2023","baseline_3pct_p1",0.707449857534265,0.0082174808686987,0.691343595031616,0.723556120036915
"CY_2023","baseline_3pct_p2",0.292550142465735,0.00821748086869865,0.276443879963086,0.308656404968384
"CY_2023","baseline_3pct_cv2nwx",4.39447599443315,0.372116660890345,3.66512733908807,5.12382464977822
"CY_2023","baseline_3pct_cv2wt",6.96382111437895,0.115013557151612,6.7383945423618,7.18924768639611
"CY_2023","baseline_3pct_cc",-0.254043195352079,0.0171972948320013,-0.287749893222802,-0.220336497481357
"CY_2023","baseline_3pct_dcv2_total",-2.10450169336456,0.152324716324255,-2.4030581373601,-1.80594524936902
"CY_2023","baseline_3pct_dcv2_mech",-2.19251825415564,0.14643409940831,-2.47952908899592,-1.90550741931535
"CY_2023","baseline_3pct_dcv2_dist",0.0880165607910718,0.0133767036307802,0.0617982216747425,0.114234899907401
"CY_2023","baseline_3pct_mech_share",1.0421217335223,0.0082838444781543,1.02588539834512,1.05835806869948
"CY_2023","baseline_3pct_identity_resid",-8.88178419700125e-17,6.34286261606474e-16,-1.3320189147187e-15,1.15438323077868e-15
"CY_2023","capped_3pct_p1",0.790876983253513,0.00495037656173319,0.781174245192516,0.80057972131451
"CY_2023","capped_3pct_p2",0.209123016746487,0.00495037656173321,0.19942027868549,0.218825754807484
"CY_2023","capped_3pct_cv2nwx",3.02729302717385,0.359035476675107,2.32358349289064,3.73100256145706
"CY_2023","capped_3pct_cv2wt",6.29455059367701,0.178101941539594,5.9454707882594,6.64363039909461
"CY_2023","capped_3pct_cc",0.0596710835418413,0.00843132366869891,0.0431456891511915,0.0761964779324912
"CY_2023","capped_3pct_dcv2_total",-0.737318726105264,0.129568179816302,-0.991272358545216,-0.483365093665312
"CY_2023","capped_3pct_dcv2_mech",-1.13186149640742,0.110497511035346,-1.3484366180367,-0.915286374778145
"CY_2023","capped_3pct_dcv2_dist",0.39454277030216,0.021008265850282,0.353366569235607,0.435718971368713
"CY_2023","capped_3pct_mech_share",1.54902762487385,0.119943465898628,1.31393843171254,1.78411681803516
"CY_2023","capped_3pct_identity_resid",-2.66453525910038e-16,7.37776405560993e-16,-1.71249528080958e-15,1.17958822898951e-15
"CY_2023","gradient_p1",0.810916122716708,0.00692739717223645,0.797338424259125,0.824493821174291
"CY_2023","gradient_p2",0.189083877283292,0.00692739717223642,0.175506178825708,0.202661575740875
"CY_2023","gradient_cv2nwx",2.56193940302924,0.356861941439284,1.86248999780825,3.26138880825024
"CY_2023","gradient_cv2wt",21.1088156579396,0.330357828846498,20.4613143134005,21.7563170024788
"CY_2023","gradient_cc",-0.0753639564641446,0.025338751502645,-0.125027909409329,-0.0257000035189604
"CY_2023","gradient_dcv2_total",-0.271965101960659,0.136467336706941,-0.539441081906263,-0.00448912201505519
"CY_2023","gradient_dcv2_mech",-0.876166556432952,0.113953111115628,-1.09951465421958,-0.652818458646322
"CY_2023","gradient_dcv2_dist",0.604201454472293,0.0248147300702839,0.555564583534537,0.652838325410049
"CY_2023","gradient_mech_share",3.74909342934915,1.68259326056812,0.451210638635633,7.04697622006266
"CY_2023","gradient_identity_resid",8.88178419700125e-17,4.07014483890208e-16,-7.08930546454795e-16,8.8656623039482e-16
"DE_2023","baseline_3pct_p1",0.686179108556547,0.0110366622783619,0.664547250490958,0.707810966622136
"DE_2023","baseline_3pct_p2",0.313820891443453,0.0110366622783619,0.292189033377863,0.335452749509042
"DE_2023","baseline_3pct_cv2nwx",15.9781145117124,1.11307934687937,13.7964789918288,18.159750031596
"DE_2023","baseline_3pct_cv2wt",62.6080026393756,1.16098794264943,60.3324662717827,64.8835390069685
"DE_2023","baseline_3pct_cc",-4.68001029280356,0.357842315913457,-5.38138123199394,-3.97863935361319
"DE_2023","baseline_3pct_dcv2_total",-11.6562248661076,1.16205292480954,-13.9338485987343,-9.37860113348089
"DE_2023","baseline_3pct_dcv2_mech",-8.46403072047947,0.831267871992798,-10.0933157495854,-6.83474569137359
"DE_2023","baseline_3pct_dcv2_dist",-3.19219414562812,0.332608357766743,-3.84410652685094,-2.54028176440531
"DE_2023","baseline_3pct_mech_share",0.726203237165483,0.00281551634185937,0.720684825135439,0.731721649195527
"DE_2023","baseline_3pct_identity_resid",-1.24344978758018e-15,2.0175535360779e-15,-5.19785471829285e-15,2.7109551431325e-15
"DE_2023","capped_3pct_p1",0.828374611616505,0.00170801953728844,0.82502689332342,0.83172232990959
"DE_2023","capped_3pct_p2",0.171625388383495,0.00170801953728845,0.16827767009041,0.17497310667658
"DE_2023","capped_3pct_cv2nwx",5.33843704349228,0.223548437634854,4.90028210572797,5.7765919812566
"DE_2023","capped_3pct_cv2wt",20.21189592471,0.201788814378092,19.8163898485289,20.6074020008911
"DE_2023","capped_3pct_cc",0.0314687748313203,0.0058892111806986,0.019925920917151,0.0430116287454895
"DE_2023","capped_3pct_dcv2_total",-1.01654739788749,0.0783328576134188,-1.17007979880979,-0.863014996965188
"DE_2023","capped_3pct_dcv2_mech",-1.67490771727496,0.0618285706943548,-1.7960917158359,-1.55372371871403
"DE_2023","capped_3pct_dcv2_dist",0.658360319387471,0.0188842119082087,0.621347264047382,0.69537337472756
"DE_2023","capped_3pct_mech_share",1.65108805095152,0.0677207396550363,1.51835540122764,1.78382070067539
"DE_2023","capped_3pct_identity_resid",3.5527136788005e-16,2.0175535360779e-15,-3.59913356283263e-15,4.30967629859273e-15
"DE_2023","gradient_p1",0.865190235514238,0.00221294535161348,0.860852862625075,0.8695276084034
"DE_2023","gradient_p2",0.134809764485762,0.00221294535161344,0.1304723915966,0.139147137374925
"DE_2023","gradient_cv2nwx",5.13280492193669,0.184926910100133,4.77034817814043,5.49526166573295
"DE_2023","gradient_cv2wt",20.2894967443324,0.573937775515813,19.1645787043214,21.4144147843434
"DE_2023","gradient_cc",0.0552978002999052,0.0141876262727423,0.0274900528053303,0.0831055477944802
"DE_2023","gradient_dcv2_total",-0.810915276331895,0.047580783997475,-0.904173612966946,-0.717656939696844
"DE_2023","gradient_dcv2_mech",-1.29039704284818,0.041400718991074,-1.37154245207069,-1.20925163362568
"DE_2023","gradient_dcv2_dist",0.479481766516289,0.0112072274625952,0.457515600689602,0.501447932342975
"DE_2023","gradient_mech_share",1.59304219180111,0.0463783726650887,1.50214058137753,1.68394380222468
"DE_2023","gradient_identity_resid",1.06581410364015e-15,4.35116785763366e-16,2.12985203543953e-16,1.91864300373635e-15
"EE_2023","baseline_3pct_p1",0.902036701199661,0.00120246465845706,0.899679870469085,0.904393531930237
"EE_2023","baseline_3pct_p2",0.097963298800339,0.00120246465845702,0.0956064680697633,0.100320129530915
"EE_2023","baseline_3pct_cv2nwx",11.8508497561238,0.373887278898482,11.1180306894828,12.5836688227648
"EE_2023","baseline_3pct_cv2wt",37.8874178588402,0,37.8874178588402,37.8874178588402
"EE_2023","baseline_3pct_cc",-0.121964826920972,0.00911776268309167,-0.139835641779832,-0.104094012062113
"EE_2023","baseline_3pct_dcv2_total",-2.08823893807148,0.0694297540517465,-2.2243212560129,-1.95215662013006
"EE_2023","baseline_3pct_dcv2_mech",-2.20794407717846,0.0643939603364151,-2.33415623943784,-2.08173191491909
"EE_2023","baseline_3pct_dcv2_dist",0.119705139106981,0.0207730049914662,0.0789900493237071,0.160420228890255
"EE_2023","baseline_3pct_mech_share",1.05745724337208,0.01111366441805,1.0356744611127,1.07924002563146
"EE_2023","baseline_3pct_identity_resid",-7.105427357601e-16,1.06581410364015e-15,-2.79953837889479e-15,1.37845290737459e-15
"EE_2023","capped_3pct_p1",0.93089034706235,0.00127790534627714,0.928385652583647,0.933395041541053
"EE_2023","capped_3pct_p2",0.0691096529376499,0.00127790534627712,0.0666049584589468,0.0716143474163531
"EE_2023","capped_3pct_cv2nwx",10.8261615009735,0.355182134693848,10.1300045169735,11.5223184849734
"EE_2023","capped_3pct_cv2wt",18.2214476348046,0.213221555664374,17.8035333857024,18.6393618839067
"EE_2023","capped_3pct_cc",0.146901767855513,0.00562483442411015,0.135877092384258,0.157926443326769
"EE_2023","capped_3pct_dcv2_total",-1.06355068292116,0.0471326113201462,-1.15593060110865,-0.971170764733674
"EE_2023","capped_3pct_dcv2_mech",-1.44442428672657,0.043381329319986,-1.52945169219375,-1.3593968812594
"EE_2023","capped_3pct_dcv2_dist",0.380873603805412,0.0153334712915366,0.350820000074,0.410927207536824
"EE_2023","capped_3pct_mech_share",1.35876706587873,0.0261316145629441,1.30754910133536,1.4099850304221
"EE_2023","capped_3pct_identity_resid",7.105427357601e-16,1.06581410364015e-15,-1.37845290737459e-15,2.79953837889479e-15
"EE_2023","gradient_p1",0.933451657889657,0.0012201389750233,0.931060185498612,0.935843130280703
"EE_2023","gradient_p2",0.0665483421103429,0.00122013897502332,0.0641568697192972,0.0689398145013886
"EE_2023","gradient_cv2nwx",9.80062747572898,0.355932896158212,9.10299899925888,10.4982559521991
"EE_2023","gradient_cv2wt",53.6316561731027,1.72396853754788,50.2526778395089,57.0106345066965
"EE_2023","gradient_cc",0.492488957091466,0.0103859091271617,0.472132575202229,0.512845338980703
"EE_2023","gradient_dcv2_total",-0.0380166576766698,0.0478761381964604,-0.131853888541732,0.0558205731883926
"EE_2023","gradient_dcv2_mech",-1.26069071947015,0.037119708069262,-1.3334453472859,-1.18793609165439
"EE_2023","gradient_dcv2_dist",1.22267406179348,0.0318294937772721,1.16028825399003,1.28505986959693
"EE_2023","gradient_mech_share",12.5998707713241,32.6285170713779,-51.3520226885766,76.5517642312248
"EE_2023","gradient_identity_resid",-2.1316282072803e-15,3.74301612028658e-15,-9.46793980304199e-15,5.20468338848139e-15
"ES_2023","baseline_3pct_p1",0.555551506427765,0.00552588809396939,0.544720765763585,0.566382247091945
"ES_2023","baseline_3pct_p2",0.444448493572235,0.00552588809396931,0.433617752908055,0.455279234236415
"ES_2023","baseline_3pct_cv2nwx",95.8257716664948,2.95029032920312,90.0432026212567,101.608340711733
"ES_2023","baseline_3pct_cv2wt",73.9476164968071,3.30227157653286,67.4751642068027,80.4200687868115
"ES_2023","baseline_3pct_cc",-9.97940708328062,0.641006555560011,-11.2357799321782,-8.723034234383
"ES_2023","baseline_3pct_dcv2_total",-71.6100902928453,2.91749982096724,-77.3283899419411,-65.8917906437496
"ES_2023","baseline_3pct_dcv2_mech",-66.2547316846923,2.40463211544376,-70.9678106309621,-61.5416527384225
"ES_2023","baseline_3pct_dcv2_dist",-5.35535860815303,0.75789312079107,-6.84082912490352,-3.86988809140253
"ES_2023","baseline_3pct_mech_share",0.925345212170934,0.00844144615160308,0.908799977713792,0.941890446628076
"ES_2023","baseline_3pct_identity_resid",-6.3948846218409e-15,9.2915519407356e-15,-2.46063264256827e-14,1.18165571820009e-14
"ES_2023","capped_3pct_p1",0.724794760971735,0.000898346122446317,0.72303400257174,0.726555519371729
"ES_2023","capped_3pct_p2",0.275205239028265,0.000898346122446241,0.273444480628271,0.27696599742826
"ES_2023","capped_3pct_cv2nwx",40.7022315930376,1.67311808396402,37.4229201484682,43.9815430376071
"ES_2023","capped_3pct_cv2wt",25.9887589543635,2.15243755456095,21.769981347424,30.207536561303
"ES_2023","capped_3pct_cc",0.432260218706547,0.00792336518196923,0.416730422949887,0.447790014463207
"ES_2023","capped_3pct_dcv2_total",-16.4865502193882,0.680806782347389,-17.820931512789,-15.1521689259873
"ES_2023","capped_3pct_dcv2_mech",-19.3193084034747,0.760452923155048,-20.8097961328586,-17.8288206740908
"ES_2023","capped_3pct_dcv2_dist",2.83275818408659,0.158830109009258,2.52145117042844,3.14406519774473
"ES_2023","capped_3pct_mech_share",1.17190815598112,0.00931596078952665,1.15364887283365,1.19016743912859
"ES_2023","capped_3pct_identity_resid",-4.2632564145606e-15,3.25611587112166e-15,-1.06452435219591e-14,2.11873069283786e-15
"ES_2023","gradient_p1",0.745327395932117,0.0092050983358665,0.727285403193819,0.763369388670415
"ES_2023","gradient_p2",0.254672604067883,0.00920509833586644,0.236630611329585,0.272714596806181
"ES_2023","gradient_cv2nwx",40.0083330986927,2.58617923680243,34.9394217945599,45.0772444028255
"ES_2023","gradient_cv2wt",55.7801463567152,8.27829938775892,39.5546795567077,72.0056131567226
"ES_2023","gradient_cc",-0.820213520448601,0.70114430203326,-2.19445635243379,0.554029311536589
"ES_2023","gradient_dcv2_total",-15.7926517250432,2.10148616244271,-19.9115646034309,-11.6737388466555
"ES_2023","gradient_dcv2_mech",-17.7988754878774,1.61064663804609,-20.9557428984478,-14.6420080773071
"ES_2023","gradient_dcv2_dist",2.00622376283419,0.574889150041845,0.879441028752179,3.13300649691621
"ES_2023","gradient_mech_share",1.13113060390672,0.0478407918348208,1.03736265191048,1.22489855590297
"ES_2023","gradient_identity_resid",-2.8421709430404e-15,5.07429009285179e-15,-1.27877795250299e-14,7.10343763894911e-15
"FR_2023","baseline_3pct_p1",0.553588312872193,0,0.553588312872193,0.553588312872193
"FR_2023","baseline_3pct_p2",0.446411687127807,0,0.446411687127807,0.446411687127807
"FR_2023","baseline_3pct_cv2nwx",91.5157377459653,0,91.5157377459653,91.5157377459653
"FR_2023","baseline_3pct_cv2wt",118.392580754288,0,118.392580754288,118.392580754288
"FR_2023","baseline_3pct_cc",-22.0147884110898,0,-22.0147884110898,-22.0147884110898
"FR_2023","baseline_3pct_dcv2_total",-83.9057243695957,0,-83.9057243695957,-83.9057243695957
"FR_2023","baseline_3pct_dcv2_mech",-63.4698229124153,0,-63.4698229124153,-63.4698229124153
"FR_2023","baseline_3pct_dcv2_dist",-20.4359014571804,0,-20.4359014571804,-20.4359014571804
"FR_2023","baseline_3pct_mech_share",0.756442106772567,0,0.756442106772567,0.756442106772567
"FR_2023","baseline_3pct_identity_resid",6.21724893790088e-15,0,6.21724893790088e-15,6.21724893790088e-15
"FR_2023","capped_3pct_p1",0.771064087379885,0,0.771064087379885,0.771064087379885
"FR_2023","capped_3pct_p2",0.228935912620115,0,0.228935912620115,0.228935912620115
"FR_2023","capped_3pct_cv2nwx",11.1123252312558,0,11.1123252312558,11.1123252312558
"FR_2023","capped_3pct_cv2wt",11.4416864833686,0,11.4416864833686,11.4416864833686
"FR_2023","capped_3pct_cc",0.20180788312713,0,0.20180788312713,0.20180788312713
"FR_2023","capped_3pct_dcv2_total",-3.50231185488627,0,-3.50231185488627,-3.50231185488627
"FR_2023","capped_3pct_dcv2_mech",-4.50560531239772,0,-4.50560531239772,-4.50560531239772
"FR_2023","capped_3pct_dcv2_dist",1.00329345751145,0,1.00329345751145,1.00329345751145
"FR_2023","capped_3pct_mech_share",1.28646605416125,0,1.28646605416125,1.28646605416125
"FR_2023","capped_3pct_identity_resid",1.77635683940025e-15,0,1.77635683940025e-15,1.77635683940025e-15
"FR_2023","gradient_p1",0.779448321141265,0,0.779448321141265,0.779448321141265
"FR_2023","gradient_p2",0.220551678858735,0,0.220551678858735,0.220551678858735
"FR_2023","gradient_cv2nwx",11.3106417631838,0,11.3106417631838,11.3106417631838
"FR_2023","gradient_cv2wt",33.4146944685182,0,33.4146944685182,33.4146944685182
"FR_2023","gradient_cc",-0.443521391381407,0,-0.443521391381407,-0.443521391381407
"FR_2023","gradient_dcv2_total",-3.70062838681422,0,-3.70062838681422,-3.70062838681422
"FR_2023","gradient_dcv2_mech",-4.43897802549947,0,-4.43897802549947,-4.43897802549947
"FR_2023","gradient_dcv2_dist",0.738349638685249,0,0.738349638685249,0.738349638685249
"FR_2023","gradient_mech_share",1.19952007105498,0,1.19952007105498,1.19952007105498
"FR_2023","gradient_identity_resid",1.77635683940025e-15,0,1.77635683940025e-15,1.77635683940025e-15
"GR_2023","baseline_3pct_p1",0.492459213566908,0.247011594711088,0.00831648793317497,0.976601939200641
"GR_2023","baseline_3pct_p2",0.507540786433092,0.247011594711088,0.0233980607993586,0.991683512066825
"GR_2023","baseline_3pct_cv2nwx",208.548204592111,473.65859654139,-719.822644629013,1136.91905381324
"GR_2023","baseline_3pct_cv2wt",16.182877586802,8.28146084636718,-0.0487856720776811,32.4145408456817
"GR_2023","baseline_3pct_cc",-5.52871110091178,9.06451091708059,-23.2951524983897,12.2377302965662
"GR_2023","baseline_3pct_dcv2_total",-206.114631695631,473.475056027669,-1134.12574150986,721.896478118599
"GR_2023","baseline_3pct_dcv2_mech",-201.024740393251,464.56848428057,-1111.57896958317,709.529488796667
"GR_2023","baseline_3pct_dcv2_dist",-5.08989130238027,8.91857285744598,-22.5702941029744,12.3905114982139
"GR_2023","baseline_3pct_mech_share",0.8692604677351,0.0856232192936986,0.70143895791945,1.03708197755075
"GR_2023","baseline_3pct_identity_resid",-5.32907051820075e-16,1.92757227195012e-15,-4.31094870484232e-15,3.24513460120217e-15
"GR_2023","capped_3pct_p1",0.747112646906992,0.0748328375233815,0.600440285361165,0.89378500845282
"GR_2023","capped_3pct_p2",0.252887353093008,0.0748328375233815,0.10621499154718,0.399559714638835
"GR_2023","capped_3pct_cv2nwx",3.93599167386911,1.04696867219263,1.88393307637155,5.98805027136667
"GR_2023","capped_3pct_cv2wt",6.76349107028695,2.17575355236588,2.49901410764983,11.0279680329241
"GR_2023","capped_3pct_cc",-0.0520760574945434,0.0202196267321461,-0.0917065258895498,-0.0124455890995371
"GR_2023","capped_3pct_dcv2_total",-1.50241877738905,0.876712368958535,-3.22077502054778,0.215937465769679
"GR_2023","capped_3pct_dcv2_mech",-1.798687988225,0.932871143312346,-3.6271154291172,0.0297394526671968
"GR_2023","capped_3pct_dcv2_dist",0.296269210835951,0.0578348895891311,0.182912827241254,0.409625594430648
"GR_2023","capped_3pct_mech_share",1.22721383135295,0.0800355586255141,1.07034413644695,1.38408352625896
"GR_2023","capped_3pct_identity_resid",-1.77635683940025e-16,5.54667245324793e-16,-1.26478348477662e-15,9.0951211689657e-16
"GR_2023","gradient_p1",0.817335045924821,0.0531000199313523,0.713259006859371,0.921411084990272
"GR_2023","gradient_p2",0.182664954075178,0.0531000199313522,0.0785889150097282,0.286740993140629
"GR_2023","gradient_cv2nwx",3.35707031069695,0.891859559158972,1.60902557474536,5.10511504664853
"GR_2023","gradient_cv2wt",14.8262197010648,3.06555808448613,8.81772585547197,20.8347135466576
"GR_2023","gradient_cc",-0.12912952242374,0.163814359574349,-0.450205667189464,0.191946622341984
"GR_2023","gradient_dcv2_total",-0.92349741421689,0.707364837364043,-2.30993249545041,0.462937667016634
"GR_2023","gradient_dcv2_mech",-1.15556493059476,0.619586061749225,-2.36995361162324,0.0588237504337195
"GR_2023","gradient_dcv2_dist",0.232067516377871,0.103370119416124,0.0294620823222688,0.434672950433474
"GR_2023","gradient_mech_share",1.37370654957083,0.247187971690905,0.889218125056653,1.858194974085
"GR_2023","gradient_identity_resid",-8.88178419700125e-17,7.99360577730113e-16,-1.65556457432103e-15,1.47792889038101e-15
"HR_2023","baseline_3pct_p1",0.796726615826621,0.00136228213469919,0.79405654284261,0.799396688810631
"HR_2023","baseline_3pct_p2",0.203273384173379,0.00136228213469918,0.200603311189369,0.20594345715739
"HR_2023","baseline_3pct_cv2nwx",2.82817224845324,0.0357556763927243,2.7580911227235,2.89825337418298
"HR_2023","baseline_3pct_cv2wt",7.12940231851692,0.0186232479245815,7.09290075258474,7.1659038844491
"HR_2023","baseline_3pct_cc",-0.133535927604439,0.0011100848375283,-0.135711693885995,-0.131360161322884
"HR_2023","baseline_3pct_dcv2_total",-1.00540591928266,0.0139717859268869,-1.03279061969936,-0.978021218865966
"HR_2023","baseline_3pct_dcv2_mech",-1.03292646186036,0.0150538262407904,-1.06243196129231,-1.00342096242841
"HR_2023","baseline_3pct_dcv2_dist",0.0275205425776971,0.00483187152615418,0.0180500743864349,0.0369910107689593
"HR_2023","baseline_3pct_mech_share",1.02737354805468,0.00479528224772563,1.01797479484914,1.03677230126023
"HR_2023","baseline_3pct_identity_resid",8.88178419700125e-17,5.32907051820075e-16,-9.55679979597335e-16,1.13331566353736e-15
"HR_2023","capped_3pct_p1",0.840307899277568,0.00101757155580489,0.83831345902819,0.842302339526946
"HR_2023","capped_3pct_p2",0.159692100722432,0.00101757155580482,0.157697660473054,0.161686540971809
"HR_2023","capped_3pct_cv2nwx",2.3686640124855,0.0305621818646814,2.30876213603072,2.42856588894027
"HR_2023","capped_3pct_cv2wt",7.38330817697707,0.0161177421529737,7.35171740235724,7.4148989515969
"HR_2023","capped_3pct_cc",-0.019042782248201,0.00189350151575716,-0.0227540452190851,-0.015331519277317
"HR_2023","capped_3pct_dcv2_total",-0.545897683314928,0.00884755224269773,-0.563238885710615,-0.52855648091924
"HR_2023","capped_3pct_dcv2_mech",-0.69610232423975,0.009277027011637,-0.714285297182559,-0.677919351296942
"HR_2023","capped_3pct_dcv2_dist",0.150204640924822,0.00591095264389398,0.13861917374279,0.161790108106855
"HR_2023","capped_3pct_mech_share",1.27522998468856,0.012677051791085,1.25038296317804,1.30007700619909
"HR_2023","capped_3pct_identity_resid",-4.44089209850063e-17,3.17143130803237e-16,-6.6600945735935e-16,5.77191615389338e-16
"HR_2023","gradient_p1",0.89015522719543,0.00112134019390464,0.887957400415377,0.892353053975483
"HR_2023","gradient_p2",0.10984477280457,0.00112134019390455,0.107646946024517,0.112042599584623
"HR_2023","gradient_cv2nwx",1.9855706405711,0.0279979385166531,1.93069468107846,2.04044660006374
"HR_2023","gradient_cv2wt",14.3006810809959,0.0747800414202256,14.1541121998123,14.4472499621796
"HR_2023","gradient_cc",0.0384432795526095,0.00302387165107103,0.0325164911165103,0.0443700679887087
"HR_2023","gradient_dcv2_total",-0.162804311400531,0.00827296740943567,-0.179019327523025,-0.146589295278037
"HR_2023","gradient_dcv2_mech",-0.412248605865192,0.00691494278810591,-0.42580189372988,-0.398695318000505
"HR_2023","gradient_dcv2_dist",0.249444294464662,0.0081874359543439,0.233396919994148,0.265491668935176
"HR_2023","gradient_mech_share",2.53588961306581,0.115975716710244,2.30857720831373,2.76320201781789
"HR_2023","gradient_identity_resid",1.33226762955019e-16,4.07014483890208e-16,-6.64521625469789e-16,9.30975151379827e-16
"HU_2023","baseline_3pct_p1",0.844488223146471,3.92732738669221e-05,0.844411247529692,0.84456519876325
"HU_2023","baseline_3pct_p2",0.155511776853529,3.92732738669273e-05,0.15543480123675,0.155588752470308
"HU_2023","baseline_3pct_cv2nwx",4.62123175726645,0.00247895884964239,4.61637299792116,4.62609051661175
"HU_2023","baseline_3pct_cv2wt",17.7236206012734,0,17.7236206012734,17.7236206012734
"HU_2023","baseline_3pct_cc",-0.28058834495093,0.000272029621430276,-0.281121523008934,-0.280055166892927
"HU_2023","baseline_3pct_dcv2_total",-1.45810267648221,0.00108955962259599,-1.4602382133425,-1.45596713962192
"HU_2023","baseline_3pct_dcv2_mech",-1.32555249886542,0.000883606105477557,-1.32728436683215,-1.32382063089868
"HU_2023","baseline_3pct_dcv2_dist",-0.132550177616796,0.000383190834492647,-0.133301231652401,-0.13179912358119
"HU_2023","baseline_3pct_mech_share",0.909094124413454,0.000223690985608252,0.908655690081662,0.909532558745246
"HU_2023","baseline_3pct_identity_resid",1.77635683940025e-16,2.66453525910038e-16,-3.44613226843649e-16,6.99884594723699e-16
"HU_2023","capped_3pct_p1",0.889459688586967,6.85116769489164e-05,0.889325405700148,0.889593971473787
"HU_2023","capped_3pct_p2",0.110540311413033,6.85116769489314e-05,0.110406028526213,0.110674594299853
"HU_2023","capped_3pct_cv2nwx",3.77446438722022,0.00196575611356702,3.77061150523762,3.77831726920281
"HU_2023","capped_3pct_cv2wt",9.64758490259281,0.0144437295943106,9.61927519258796,9.67589461259766
"HU_2023","capped_3pct_cc",0.0295596805830597,0.00019001280281747,0.0291872554895375,0.029932105676582
"HU_2023","capped_3pct_dcv2_total",-0.611335306435975,0.000734189808480839,-0.612774318460597,-0.609896294411352
"HU_2023","capped_3pct_dcv2_mech",-0.788340162752301,0.000659269864752108,-0.789632331687215,-0.787047993817387
"HU_2023","capped_3pct_dcv2_dist",0.177004856316326,0.000282319242983607,0.176451510600079,0.177558202032574
"HU_2023","capped_3pct_mech_share",1.2895385312645,0.000690549724931004,1.28818505380363,1.29089200872536
"HU_2023","capped_3pct_identity_resid",1.77635683940025e-16,2.66453525910038e-16,-3.44613226843649e-16,6.99884594723699e-16
"HU_2023","gradient_p1",0.900523928088535,5.97368045892927e-05,0.90040684395154,0.90064101222553
"HU_2023","gradient_p2",0.0994760719114653,5.97368045892938e-05,0.0993589877744703,0.0995931560484603
"HU_2023","gradient_cv2nwx",3.57066457359951,0.00240819044026186,3.5659445203366,3.57538462686243
"HU_2023","gradient_cv2wt",15.5225121479628,0.0133987491331885,15.4962505996618,15.5487736962639
"HU_2023","gradient_cc",0.0569598735162019,0.000172287471904052,0.05662219007127,0.0572975569611339
"HU_2023","gradient_dcv2_total",-0.407535492815272,0.000923558192610448,-0.409345666872789,-0.405725318757756
"HU_2023","gradient_dcv2_mech",-0.675058036894131,0.000805579820239536,-0.6766369733418,-0.673479100446461
"HU_2023","gradient_dcv2_dist",0.267522544078858,0.000305835027074455,0.266923107425792,0.268121980731924
"HU_2023","gradient_mech_share",1.65644270580791,0.00198491830152984,1.65255226593691,1.66033314567891
"HU_2023","gradient_identity_resid",-8.88178419700125e-17,6.34286261606474e-16,-1.3320189147187e-15,1.15438323077868e-15
"LT_2023","baseline_3pct_p1",0.784269162374533,0.00522836320367668,0.774021570495327,0.79451675425374
"LT_2023","baseline_3pct_p2",0.215730837625467,0.00522836320367667,0.20548324574626,0.225978429504673
"LT_2023","baseline_3pct_cv2nwx",20.805014784843,2.07833369688202,16.7314807389542,24.8785488307317
"LT_2023","baseline_3pct_cv2wt",21.2390660379716,0,21.2390660379716,21.2390660379716
"LT_2023","baseline_3pct_cc",-0.359237838299013,0.0119103854039745,-0.382582193690803,-0.335893482907223
"LT_2023","baseline_3pct_dcv2_total",-7.72653895916416,0.665195093988375,-9.03032134338138,-6.42275657494695
"LT_2023","baseline_3pct_dcv2_mech",-7.99691210480212,0.641710390329855,-9.25466446984864,-6.7391597397556
"LT_2023","baseline_3pct_dcv2_dist",0.270373145637956,0.0243698221036733,0.222608294314756,0.318137996961156
"LT_2023","baseline_3pct_mech_share",1.03535218740774,0.00632538399142683,1.02295443478455,1.04774994003094
"LT_2023","baseline_3pct_identity_resid",1.4210854715202e-15,5.03684094566304e-15,-8.45112278197936e-15,1.12932937250198e-14
"LT_2023","capped_3pct_p1",0.855693211295063,0.00360723523859302,0.848623030227421,0.862763392362706
"LT_2023","capped_3pct_p2",0.144306788704937,0.00360723523859299,0.137236607637294,0.151376969772579
"LT_2023","capped_3pct_cv2nwx",17.1562683829018,1.83915831401693,13.5515180874286,20.761018678375
"LT_2023","capped_3pct_cv2wt",28.394140889678,0.0669173851034371,28.2629828148753,28.5252989644808
"LT_2023","capped_3pct_cc",-0.0412905935014541,0.00151894586732845,-0.0442677274014178,-0.0383134596014903
"LT_2023","capped_3pct_dcv2_total",-4.07779255722295,0.424976691631798,-4.91074687282128,-3.24483824162463
"LT_2023","capped_3pct_dcv2_mech",-4.58673420998059,0.393808671186157,-5.35859920550546,-3.81486921445572
"LT_2023","capped_3pct_dcv2_dist",0.508941652757636,0.0322364790659369,0.445758153788399,0.572125151726872
"LT_2023","capped_3pct_mech_share",1.12630563475761,0.0216636059676511,1.08384496706101,1.16876630245421
"LT_2023","capped_3pct_identity_resid",-1.06581410364015e-15,5.77247647345016e-15,-1.23798679916025e-14,1.02482397843222e-14
"LT_2023","gradient_p1",0.890018565390635,0.00272916484327721,0.884669402297812,0.895367728483458
"LT_2023","gradient_p2",0.109981434609365,0.00272916484327726,0.104632271516541,0.115330597702188
"LT_2023","gradient_cv2nwx",15.8633218370473,1.73324199250013,12.466167531747,19.2604761423475
"LT_2023","gradient_cv2wt",21.0595986685828,0.0491011077522976,20.9633604973883,21.1558368397773
"LT_2023","gradient_cc",0.126128728746017,0.00921317108258103,0.108070913424158,0.144186544067876
"LT_2023","gradient_dcv2_total",-2.78484601136846,0.318920267462481,-3.40992973559493,-2.159762287142
"LT_2023","gradient_dcv2_mech",-3.29193657563365,0.289020892187395,-3.85841752432094,-2.72545562694635
"LT_2023","gradient_dcv2_dist",0.507090564265184,0.0309045700525574,0.446517606962171,0.567663521568196
"LT_2023","gradient_mech_share",1.18461949885838,0.0332855753135879,1.11937977124375,1.24985922647301
"LT_2023","gradient_identity_resid",0,4.76646557423476e-15,-9.34227252550014e-15,9.34227252550014e-15
"LU_2023","baseline_3pct_p1",0.66736977973614,0.0212147424762598,0.625788884482671,0.708950674989609
"LU_2023","baseline_3pct_p2",0.33263022026386,0.0212147424762597,0.291049325010391,0.374211115517329
"LU_2023","baseline_3pct_cv2nwx",12.7360504182191,1.36181901920061,10.0668851405859,15.4052156958523
"LU_2023","baseline_3pct_cv2wt",22.7241236884002,0.467285222101729,21.8082446530808,23.6400027237196
"LU_2023","baseline_3pct_cc",-2.02918740791646,0.275563180509492,-2.56929124171507,-1.48908357411786
"LU_2023","baseline_3pct_dcv2_total",-8.62560371909816,1.37785320234743,-11.3261959956991,-5.92501144249719
"LU_2023","baseline_3pct_dcv2_mech",-7.08524590287083,1.11554096948717,-9.27170620306568,-4.89878560267597
"LU_2023","baseline_3pct_dcv2_dist",-1.54035781622734,0.264042738154836,-2.05788158301082,-1.02283404944386
"LU_2023","baseline_3pct_mech_share",0.821618156862101,0.003869690689978,0.814033563109744,0.829202750614458
"LU_2023","baseline_3pct_identity_resid",7.105427357601e-16,2.69982865460795e-15,-4.58112142727147e-15,6.00220689879167e-15
"LU_2023","capped_3pct_p1",0.827029517770676,0.00113717014495618,0.824800664286562,0.82925837125479
"LU_2023","capped_3pct_p2",0.172970482229324,0.00113717014495612,0.17074162874521,0.175199335713438
"LU_2023","capped_3pct_cv2nwx",5.38373033585663,0.0493286709519601,5.28704614079079,5.48041453092247
"LU_2023","capped_3pct_cv2wt",10.7059373914997,0.504294082885059,9.71752098904498,11.6943537939544
"LU_2023","capped_3pct_cc",0.053826146393197,0.00842364525951027,0.0373158016845568,0.0703364911018371
"LU_2023","capped_3pct_dcv2_total",-1.27328363673566,0.0197872945941856,-1.31206673414027,-1.23450053933106
"LU_2023","capped_3pct_dcv2_mech",-1.70135675651394,0.0160982346888738,-1.73290929650413,-1.66980421652375
"LU_2023","capped_3pct_dcv2_dist",0.428073119778276,0.00563317724238716,0.417032092383198,0.439114147173355
"LU_2023","capped_3pct_mech_share",1.33628446233893,0.00901115399833444,1.31862260050219,1.35394632417566
"LU_2023","capped_3pct_identity_resid",-1.77635683940025e-16,8.14028967780416e-16,-1.77313246078964e-15,1.41786109290959e-15
"LU_2023","gradient_p1",0.864883415384837,0.00482218968683064,0.855431923598649,0.874334907171025
"LU_2023","gradient_p2",0.135116584615163,0.00482218968683065,0.125665092828975,0.144568076401351
"LU_2023","gradient_cv2nwx",4.80429642095083,0.0525524354464714,4.70129364747575,4.90729919442592
"LU_2023","gradient_cv2wt",16.2304318877101,0.628706387324924,14.9981673685532,17.4626964068669
"LU_2023","gradient_cc",0.110044187898541,0.00625429417187916,0.0977857713216576,0.122302604475424
"LU_2023","gradient_dcv2_total",-0.693849721829866,0.0369030494843461,-0.766179698819184,-0.621519744840547
"LU_2023","gradient_dcv2_mech",-1.21069450059619,0.0497649693502701,-1.30823384052272,-1.11315516066966
"LU_2023","gradient_dcv2_dist",0.516844778766322,0.0157583912180593,0.485958331978925,0.547731225553718
"LU_2023","gradient_mech_share",1.74574489614598,0.0283377838364874,1.69020283982646,1.80128695246549
"LU_2023","gradient_identity_resid",7.105427357601e-16,1.44311911836254e-15,-2.11797073623048e-15,3.53905620775068e-15
"LV_2023","baseline_3pct_p1",0.921114441859085,0.00322353439047099,0.914796314453762,0.927432569264408
"LV_2023","baseline_3pct_p2",0.078885558140915,0.00322353439047104,0.0725674307355918,0.0852036855462383
"LV_2023","baseline_3pct_cv2nwx",8.94968452759797,0.35731015152032,8.24935663061814,9.6500124245778
"LV_2023","baseline_3pct_cv2wt",32.097696632395,0.00981701565867796,32.078455281704,32.116937983086
"LV_2023","baseline_3pct_cc",-0.0850073070032154,0.0118434481177495,-0.108220465314004,-0.0617941486924264
"LV_2023","baseline_3pct_dcv2_total",-1.32688291554709,0.0983614147063786,-1.51967128837159,-1.13409454272259
"LV_2023","baseline_3pct_dcv2_mech",-1.35683197875807,0.0911933954256257,-1.5355710337923,-1.17809292372385
"LV_2023","baseline_3pct_dcv2_dist",0.0299490632109858,0.0105073618235656,0.00935463403679731,0.0505434923851744
"LV_2023","baseline_3pct_mech_share",1.02291420714775,0.00870471078231584,1.00585297401441,1.03997544028108
"LV_2023","baseline_3pct_identity_resid",-1.95399252334028e-15,1.99395560690651e-15,-5.86214551287703e-15,1.95416046619648e-15
"LV_2023","capped_3pct_p1",0.94513159940781,0.00221684311969873,0.9407865868932,0.94947661192242
"LV_2023","capped_3pct_p2",0.0548684005921899,0.00221684311969883,0.0505233880775802,0.0592134131067996
"LV_2023","capped_3pct_cv2nwx",8.3650284112649,0.32177078355297,7.73435767550108,8.99569914702872
"LV_2023","capped_3pct_cv2wt",28.9579812681671,0.0784486177380934,28.8042219774004,29.1117405589338
"LV_2023","capped_3pct_cc",0.0317156840929102,0.00501900035601666,0.0218784433951175,0.0415529247907028
"LV_2023","capped_3pct_dcv2_total",-0.742226799214016,0.0550888266051076,-0.850200899360027,-0.634252699068006
"LV_2023","capped_3pct_dcv2_mech",-0.892943309913419,0.0549940450820902,-1.00073163827432,-0.785154981552522
"LV_2023","capped_3pct_dcv2_dist",0.150716510699403,0.00877906247207016,0.133509548254146,0.167923473144661
"LV_2023","capped_3pct_mech_share",1.20381058357384,0.0188429306738054,1.16687843945319,1.2407427276945
"LV_2023","capped_3pct_identity_resid",-5.32907051820075e-16,1.62805793556083e-15,-3.72390060551931e-15,2.65808650187916e-15
"LV_2023","gradient_p1",0.95130793677574,0.00480157611967343,0.94189684758118,0.9607190259703
"LV_2023","gradient_p2",0.0486920632242604,0.00480157611967356,0.0392809740297002,0.0581031524188205
"LV_2023","gradient_cv2nwx",8.17919992847639,0.259204398381732,7.67115930764819,8.68724054930458
"LV_2023","gradient_cv2wt",33.0805875270104,7.75078207399145,17.8890546619871,48.2721203920336
"LV_2023","gradient_cc",0.0691862095729572,0.0185351092283794,0.0328573954853336,0.105515023660581
"LV_2023","gradient_dcv2_total",-0.556398316425506,0.0608155370141618,-0.675596768973263,-0.437199863877749
"LV_2023","gradient_dcv2_mech",-0.776044486874519,0.0608909255355032,-0.895390700924105,-0.656698272824933
"LV_2023","gradient_dcv2_dist",0.219646170449013,0.0137159965812268,0.192762817149809,0.246529523748218
"LV_2023","gradient_mech_share",1.39801317557517,0.050465726542016,1.29910035155282,1.49692599959753
"LV_2023","gradient_identity_resid",-3.5527136788005e-16,2.34317560168636e-15,-4.94789554718532e-15,4.23735281142522e-15
"MT_2023","baseline_3pct_p1",0.763944841243774,0,0.763944841243774,0.763944841243774
"MT_2023","baseline_3pct_p2",0.236055158756226,0,0.236055158756226,0.236055158756226
"MT_2023","baseline_3pct_cv2nwx",2.3058046761562,0,2.3058046761562,2.3058046761562
"MT_2023","baseline_3pct_cv2wt",7.2285674359861,0,7.2285674359861,7.2285674359861
"MT_2023","baseline_3pct_cc",-0.268286015473312,0,-0.268286015473312,-0.268286015473312
"MT_2023","baseline_3pct_dcv2_total",-1.09389156382378,0,-1.09389156382378,-1.09389156382378
"MT_2023","baseline_3pct_dcv2_mech",-0.960110042053104,0,-0.960110042053104,-0.960110042053104
"MT_2023","baseline_3pct_dcv2_dist",-0.133781521770674,0,-0.133781521770674,-0.133781521770674
"MT_2023","baseline_3pct_mech_share",0.877701294904377,0,0.877701294904377,0.877701294904377
"MT_2023","baseline_3pct_identity_resid",-2.22044604925031e-16,0,-2.22044604925031e-16,-2.22044604925031e-16
"MT_2023","capped_3pct_p1",0.83224667506881,0,0.83224667506881,0.83224667506881
"MT_2023","capped_3pct_p2",0.16775332493119,0,0.16775332493119,0.16775332493119
"MT_2023","capped_3pct_cv2nwx",1.54890224708098,0,1.54890224708098,1.54890224708098
"MT_2023","capped_3pct_cv2wt",5.21909223550418,0,5.21909223550418,5.21909223550418
"MT_2023","capped_3pct_cc",-0.00389073423796622,0,-0.00389073423796622,-0.00389073423796622
"MT_2023","capped_3pct_dcv2_total",-0.336989134748561,0,-0.336989134748561,-0.336989134748561
"MT_2023","capped_3pct_dcv2_mech",-0.476079070003296,0,-0.476079070003296,-0.476079070003296
"MT_2023","capped_3pct_dcv2_dist",0.139089935254736,0,0.139089935254736,0.139089935254736
"MT_2023","capped_3pct_mech_share",1.41274308549596,0,1.41274308549596,1.41274308549596
"MT_2023","capped_3pct_identity_resid",-4.44089209850063e-16,0,-4.44089209850063e-16,-4.44089209850063e-16
"MT_2023","gradient_p1",0.868040773788511,0,0.868040773788511,0.868040773788511
"MT_2023","gradient_p2",0.131959226211489,0,0.131959226211489,0.131959226211489
"MT_2023","gradient_cv2nwx",1.36855621529883,0,1.36855621529883,1.36855621529883
"MT_2023","gradient_cv2wt",5.78115626631946,0,5.78115626631946,5.78115626631946
"MT_2023","gradient_cc",0.0400222473856194,0,0.0400222473856194,0.0400222473856194
"MT_2023","gradient_dcv2_total",-0.156643102966415,0,-0.156643102966415,-0.156643102966415
"MT_2023","gradient_dcv2_mech",-0.337356244147448,0,-0.337356244147448,-0.337356244147448
"MT_2023","gradient_dcv2_dist",0.180713141181033,0,0.180713141181033,0.180713141181033
"MT_2023","gradient_mech_share",2.15366165352188,0,2.15366165352188,2.15366165352188
"MT_2023","gradient_identity_resid",0,0,0,0
"NL_2023","baseline_3pct_p1",0.912340212210877,0.0277213200320849,0.858006424947991,0.966673999473764
"NL_2023","baseline_3pct_p2",0.087659787789123,0.0277213200320849,0.0333260005262365,0.141993575052009
"NL_2023","baseline_3pct_cv2nwx",3.8553850403372,1.12645699868151,1.64752932292145,6.06324075775296
"NL_2023","baseline_3pct_cv2wt",72.903966379554,25.877582710634,22.1839042667113,123.624028492397
"NL_2023","baseline_3pct_cc",-0.431153661330306,0.660134822645743,-1.72501791371596,0.862710591055351
"NL_2023","baseline_3pct_dcv2_total",-0.865984913665695,1.06939186385648,-2.9619929668244,1.23002313949301
"NL_2023","baseline_3pct_dcv2_mech",-0.681671532179179,0.438123455140383,-1.54039350425433,0.177050439895972
"NL_2023","baseline_3pct_dcv2_dist",-0.184313381486515,0.632719347145498,-1.42444330189169,1.05581653891866
"NL_2023","baseline_3pct_mech_share",1.19989697584392,0.574620350264112,0.0736410893262576,2.32615286236158
"NL_2023","baseline_3pct_identity_resid",-2.66453525910038e-16,8.14028967780416e-16,-1.86195030275965e-15,1.32904325093958e-15
"NL_2023","capped_3pct_p1",0.94030405533806,0.00608923167846972,0.928369161248259,0.95223894942786
"NL_2023","capped_3pct_p2",0.0596959446619403,0.00608923167846972,0.0477610505721396,0.0716308387517409
"NL_2023","capped_3pct_cv2nwx",3.04968683211222,0.112278771444765,2.82962044008048,3.26975322414396
"NL_2023","capped_3pct_cv2wt",38.1780610987363,4.73186151443449,28.9036125304447,47.4525096670279
"NL_2023","capped_3pct_cc",0.079430823685498,0.00503657685092903,0.0695591330576771,0.0893025143133189
"NL_2023","capped_3pct_dcv2_total",-0.0602867054407117,0.0438557433106987,-0.146243962329681,0.0256705514482578
"NL_2023","capped_3pct_dcv2_mech",-0.353823749430905,0.0467722875315204,-0.445497432992685,-0.262150065869124
"NL_2023","capped_3pct_dcv2_dist",0.293537043990193,0.00752550326390784,0.278787057592933,0.308287030387452
"NL_2023","capped_3pct_mech_share",7.09236722043969,2.61128758935281,1.97424354530819,12.2104908955712
"NL_2023","capped_3pct_identity_resid",0,9.10112053805498e-16,-1.78381962545878e-15,1.78381962545878e-15
"NL_2023","gradient_p1",0.935937160154529,0.00832514915957692,0.919619867801758,0.9522544525073
"NL_2023","gradient_p2",0.0640628398454711,0.00832514915957692,0.0477455474927003,0.0803801321982419
"NL_2023","gradient_cv2nwx",3.19503867035119,0.140426487024592,2.91980275578299,3.47027458491939
"NL_2023","gradient_cv2wt",172.616817737801,34.6617963052855,104.679696979442,240.553938496161
"NL_2023","gradient_cc",-0.249338208059102,0.0108204209797288,-0.270546233179371,-0.228130182938834
"NL_2023","gradient_dcv2_total",-0.205638543679677,0.0716790079887453,-0.346129399337618,-0.0651476880217366
"NL_2023","gradient_dcv2_mech",-0.397371827373793,0.0676714727861869,-0.530007914034719,-0.264735740712866
"NL_2023","gradient_dcv2_dist",0.191733283694115,0.0118241071593058,0.168558033661876,0.214908533726355
"NL_2023","gradient_mech_share",1.99248891573253,0.263790463972652,1.47545960634613,2.50951822511893
"NL_2023","gradient_identity_resid",-2.66453525910038e-16,8.14028967780416e-16,-1.86195030275965e-15,1.32904325093958e-15
"PT_2023","baseline_3pct_p1",0.769291373905199,0.00866204974944462,0.752313756396288,0.786268991414111
"PT_2023","baseline_3pct_p2",0.230708626094801,0.00866204974944466,0.213731008585889,0.247686243603712
"PT_2023","baseline_3pct_cv2nwx",9.3290149439598,0.778656919449439,7.8028473818389,10.8551825060807
"PT_2023","baseline_3pct_cv2wt",31.2696468321109,10.2715913157963,11.1373278531501,51.4019658110717
"PT_2023","baseline_3pct_cc",-1.02783720995414,0.605631649859469,-2.2148752436787,0.159200823770418
"PT_2023","baseline_3pct_dcv2_total",-4.17851158674119,0.983021793032251,-6.1052343010844,-2.25178887239798
"PT_2023","baseline_3pct_dcv2_mech",-3.81232441362421,0.413897687662673,-4.62356388144305,-3.00108494580537
"PT_2023","baseline_3pct_dcv2_dist",-0.366187173116985,0.57491374018043,-1.49301810387063,0.760643757636657
"PT_2023","baseline_3pct_mech_share",0.931339253243561,0.121784687748503,0.692641265256494,1.17003724123063
"PT_2023","baseline_3pct_identity_resid",8.88178419700125e-16,6.87980045591881e-16,-4.60262469659962e-16,2.23661930906021e-15
"PT_2023","capped_3pct_p1",0.856273938206637,0.0027150444159641,0.850952451151347,0.861595425261927
"PT_2023","capped_3pct_p2",0.143726061793363,0.00271504441596405,0.138404574738073,0.149047548848653
"PT_2023","capped_3pct_cv2nwx",6.05036221601233,0.454690635786583,5.15916856987062,6.94155586215403
"PT_2023","capped_3pct_cv2wt",17.3306342023326,2.1478771409363,13.1207950060974,21.5404733985677
"PT_2023","capped_3pct_cc",0.178486808502215,0.0487262873753701,0.0829832852464895,0.27399033175794
"PT_2023","capped_3pct_dcv2_total",-0.899858858793721,0.235610013364614,-1.36165448498836,-0.438063232599077
"PT_2023","capped_3pct_dcv2_mech",-1.61510076021597,0.14065412475192,-1.89078284472973,-1.3394186757022
"PT_2023","capped_3pct_dcv2_dist",0.715241901422245,0.142666791078875,0.43561499090765,0.994868811936839
"PT_2023","capped_3pct_mech_share",1.85351420308831,0.355815557702029,1.15611570999233,2.55091269618429
"PT_2023","capped_3pct_identity_resid",1.77635683940025e-16,4.35116785763366e-16,-6.75193216156172e-16,1.03046458403622e-15
"PT_2023","gradient_p1",0.843556356019112,0.0139907284854458,0.816134528187638,0.870978183850586
"PT_2023","gradient_p2",0.156443643980888,0.0139907284854458,0.129021816149414,0.183865471812362
"PT_2023","gradient_cv2nwx",7.52067359670359,0.905712922560752,5.74547626848451,9.29587092492266
"PT_2023","gradient_cv2wt",121.13907645273,36.7349077540789,49.1386572547358,193.139495650725
"PT_2023","gradient_cc",-1.58985751180367,0.763780213962559,-3.08686673117028,-0.0928482924370506
"PT_2023","gradient_dcv2_total",-2.37017023948498,0.813041885335605,-3.96373233474277,-0.776608144227193
"PT_2023","gradient_dcv2_mech",-2.17524292239458,0.369554920692251,-2.89957056695139,-1.45091527783777
"PT_2023","gradient_dcv2_dist",-0.194927317090401,0.553263559807122,-1.27932389431236,0.889469260131559
"PT_2023","gradient_mech_share",0.968158445130544,0.234460533959139,0.508615798570633,1.42770109169046
"PT_2023","gradient_identity_resid",1.4210854715202e-15,1.89663009778075e-15,-2.29630952013007e-15,5.13848046317047e-15
"SI_2023","baseline_3pct_p1",0.279702938169403,0.0590250914443932,0.164013758938392,0.395392117400414
"SI_2023","baseline_3pct_p2",0.720297061830597,0.0590250914443932,0.604607882599587,0.835986241061608
"SI_2023","baseline_3pct_cv2nwx",86.2574386423628,34.3875272616864,18.8578852094576,153.656992075268
"SI_2023","baseline_3pct_cv2wt",7.13879590178394,0.262709715875353,6.62388485866825,7.65370694489963
"SI_2023","baseline_3pct_cc",-3.06768957217237,0.419828343835567,-3.89055312609008,-2.24482601825465
"SI_2023","baseline_3pct_dcv2_total",-82.4311654883633,34.808400618133,-150.655630699904,-14.2067002768225
"SI_2023","baseline_3pct_dcv2_mech",-80.0047166092841,34.4890156801224,-147.603187342324,-12.4062458762442
"SI_2023","baseline_3pct_dcv2_dist",-2.42644887907916,0.347688121531868,-3.10791759728162,-1.7449801608767
"SI_2023","baseline_3pct_mech_share",0.968188906624583,0.00850082163820236,0.951527296213706,0.984850517035459
"SI_2023","baseline_3pct_identity_resid",0,2.81567968658922e-15,-5.51873218571487e-15,5.51873218571487e-15
"SI_2023","capped_3pct_p1",0.714140014377712,0.0202199920273232,0.674508830004159,0.753771198751266
"SI_2023","capped_3pct_p2",0.285859985622288,0.0202199920273231,0.246228801248735,0.325491169995841
"SI_2023","capped_3pct_cv2nwx",6.67344750511032,1.64126459693004,3.45656889512744,9.89032611509319
"SI_2023","capped_3pct_cv2wt",5.14200988847411,0.358934885740613,4.43849751242251,5.84552226452571
"SI_2023","capped_3pct_cc",-0.0103333839544647,0.0143727714801648,-0.0385040160555876,0.0178372481466582
"SI_2023","capped_3pct_dcv2_total",-2.84717435111077,0.689819834135669,-4.19922122601668,-1.49512747620486
"SI_2023","capped_3pct_dcv2_mech",-3.24573908284865,0.636710978588935,-4.49369260088296,-1.99778556481434
"SI_2023","capped_3pct_dcv2_dist",0.398564731737881,0.0610510787247726,0.278904617437327,0.518224846038436
"SI_2023","capped_3pct_mech_share",1.14763081843766,0.0486891347499626,1.05220011432774,1.24306152254759
"SI_2023","capped_3pct_identity_resid",-1.77635683940025e-16,8.14028967780416e-16,-1.77313246078964e-15,1.41786109290959e-15
"SI_2023","gradient_p1",0.803334465598731,0.0148811944122856,0.774167324550651,0.832501606646811
"SI_2023","gradient_p2",0.196665534401269,0.0148811944122856,0.167498393353189,0.225832675449348
"SI_2023","gradient_cv2nwx",5.14114274480894,1.40728566410874,2.38286284315581,7.89942264646206
"SI_2023","gradient_cv2wt",15.6181130625101,1.696412793692,12.2931439868738,18.9430821381464
"SI_2023","gradient_cc",-0.054640398788873,0.0131919850320027,-0.0804966894515984,-0.0287841081261476
"SI_2023","gradient_dcv2_total",-1.31486959080939,0.453223037857721,-2.20318674501052,-0.426552436608258
"SI_2023","gradient_dcv2_mech",-1.80645263412966,0.388774595108097,-2.56845084054153,-1.04445442771779
"SI_2023","gradient_dcv2_dist",0.491583043320268,0.0678942902535246,0.35851023442336,0.624655852217176
"SI_2023","gradient_mech_share",1.41071026669572,0.163949671148162,1.08936891124533,1.73205162214612
"SI_2023","gradient_identity_resid",-3.5527136788005e-16,1.66400173597438e-15,-3.61671477038984e-15,2.90617203462974e-15
"SK_2023","baseline_3pct_p1",0.708182003838271,0.00164741869200191,0.704953063201947,0.711410944474595
"SK_2023","baseline_3pct_p2",0.291817996161729,0.00164741869200193,0.288589055525405,0.295046936798053
"SK_2023","baseline_3pct_cv2nwx",4.34271321377153,0.265975072404388,3.82140207185893,4.86402435568413
"SK_2023","baseline_3pct_cv2wt",7.62525362181503,0.0318213515793568,7.56288377271949,7.68762347091057
"SK_2023","baseline_3pct_cc",-0.481917434890433,0.0106609816055588,-0.502812958837328,-0.461021910943538
"SK_2023","baseline_3pct_dcv2_total",-2.47936850788271,0.154290643472486,-2.78177816908878,-2.17695884667664
"SK_2023","baseline_3pct_dcv2_mech",-2.1648827047521,0.136823052549498,-2.43305588774911,-1.89670952175508
"SK_2023","baseline_3pct_dcv2_dist",-0.314485803130612,0.0186454748940048,-0.351030933922861,-0.277940672338362
"SK_2023","baseline_3pct_mech_share",0.873128006124569,0.00264005320562979,0.867953501841535,0.878302510407603
"SK_2023","baseline_3pct_identity_resid",-4.44089209850063e-16,4.55056026902749e-16,-1.33599902257945e-15,4.47820602879326e-16
"SK_2023","capped_3pct_p1",0.796696388746869,0.00158485369076861,0.793590075512962,0.799802701980775
"SK_2023","capped_3pct_p2",0.203303611253131,0.00158485369076849,0.200197298019225,0.206409924487037
"SK_2023","capped_3pct_cv2nwx",2.79997512566292,0.17697182554853,2.4531103475878,3.14683990373804
"SK_2023","capped_3pct_cv2wt",4.72979223392407,0.220316268777956,4.29797234711928,5.16161212072887
"SK_2023","capped_3pct_cc",-0.0548404931768346,0.00139678443137439,-0.0575781906623284,-0.0521027956913408
"SK_2023","capped_3pct_dcv2_total",-0.936630419774107,0.0644148826548358,-1.06288358977759,-0.810377249770629
"SK_2023","capped_3pct_dcv2_mech",-1.02248320950858,0.0578914676241861,-1.13595048605198,-0.909015932965174
"SK_2023","capped_3pct_dcv2_dist",0.0858527897344715,0.00912846547889243,0.0679609973958423,0.103744582073101
"SK_2023","capped_3pct_mech_share",1.09224712045964,0.0144204237438549,1.06398308992168,1.1205111509976
"SK_2023","capped_3pct_identity_resid",4.44089209850063e-17,6.05656933360603e-16,-1.14267866840178e-15,1.23149651037179e-15
"SK_2023","gradient_p1",0.857026121453359,0.000999791238227008,0.855066530626434,0.858985712280284
"SK_2023","gradient_p2",0.142973878546641,0.000999791238226982,0.141014287719716,0.144933469373566
"SK_2023","gradient_cv2nwx",2.30491356290064,0.156685491076837,1.99781000039004,2.61201712541124
"SK_2023","gradient_cv2wt",7.64912386133603,0.286383444169235,7.08781231076433,8.21043541190773
"SK_2023","gradient_cc",0.00697643825487308,0.00543978651306289,-0.00368554331073019,0.0176384198204764
"SK_2023","gradient_dcv2_total",-0.441568857011822,0.0440704754649012,-0.527946988923028,-0.355190725100616
"SK_2023","gradient_dcv2_mech",-0.611912576409286,0.0405747652753786,-0.691439116349028,-0.532386036469544
"SK_2023","gradient_dcv2_dist",0.170343719397464,0.00599877363293621,0.158586123076909,0.182101315718019
"SK_2023","gradient_mech_share",1.38873624771926,0.0467942040582148,1.29701960776516,1.48045288767336
"SK_2023","gradient_identity_resid",-8.88178419700125e-17,3.68888202780496e-16,-8.11838719419785e-16,6.3420303547976e-16
